53112286;डबली ;Dabali;Rajeshwar Devkota;Devkota, Rajeshwar;राजेश्वर देवकोटा;;;0;0,0;साझा प्रकाशन;Paperback;128;;;;2022/12/05;to-read;to-read (#299);to-read;;;;0;0
17377399;सिपाहीकी स्वास्नी ;Sipahiki Swasni;Mahesh Bikram Shah;Shah, Mahesh Bikram;महेशविक्रम शाह;;9789937904216;0;3,48;Samagra Prakashan;Paperback;202;;;;2022/12/05;to-read;to-read (#298);to-read;;;;0;0
44022052;साझा कथा ;Sajha Katha;Bhairab Aryal;Aryal, Bhairab;भैरव अर्याल;;9789993328926;0;3,70;साझा प्रकाशन;Paperback;222;2010;1968;;2022/12/05;to-read;to-read (#297);to-read;;;;0;0
48561017;उत्सर्ग प्रेम ;Utsarga Prem;Rajeshwar Devkota;Devkota, Rajeshwar;राजेश्वर देवकोटा;9993341304;;0;2,00;साझा प्रकाशन;Paperback;101;;;;2022/12/05;to-read;to-read (#296);to-read;;;;0;0
52640191;समान्तर ;Samantar;Ishwor Ballav;Ballav, Ishwor;ईश्वरवल्लभ;;;0;3,50;साझा प्रकाशन;Paperback;152;;;;2022/12/05;to-read;to-read (#295);to-read;;;;0;0
44298562;कहर ;Kahar;Janakraj Sapkota;Sapkota, Janakraj;जनकराज सापकोटा;;9789937669191;0;4,07;We Read;Paperback;238;2016;;;2022/12/05;to-read;to-read (#293);to-read;;;;0;0
41741398;जय भुँडी ;Jaya Bhundi;Bhairab Aryal;Aryal, Bhairab;भैरव अर्याल;;;0;4,29;Ratna Pustak Bhandar;Paperback;92;;1965;;2022/12/05;to-read;to-read (#294);to-read;;;;0;0
49416203;विचारको लास ;Bichar Ko Laas;Dhruba Sapkota;Sapkota, Dhruba;ध्रुव सापकोटा;;9789937924443;0;0,0;Shikha Books;Paperback;269;;;;2022/12/05;to-read;to-read (#292);to-read;;;;0;0
24102797;छापामारको छोरो ;Chhapamar ko Chhoro;Mahesh Bikram Shah;Shah, Mahesh Bikram;महेशविक्रम शाह;9993327727;9789993327721;0;3,74;Sajha Prakashan;Paperback;124;2007;2006;;2022/12/05;to-read;to-read (#290);to-read;;;;0;0
42838363;तथाकथित ;Tathakathit;Dhruba Chandra Gautam;Gautam, Dhruba Chandra;ध्रुवचन्द्र गौतम;;9799993322305;0;3,50;साझा प्रकाशन;Paperback;206;2005;2002;;2022/12/05;to-read;to-read (#291);to-read;;;;0;0
36299907;भुइयाँँ ;Bhuiyan;Yagnesh;Yagnesh, Yagnesh;यज्ञश;;9789937665285;0;4,22;FinePrint;Hardcover;190;2017;;;2022/12/05;to-read;to-read (#289);to-read;;;;0;0
43076877;अन्धकार ;Andhakar;Dhruba Sapkota;Sapkota, Dhruba;ध्रुव सापकोटा;9993323233;;0;3,00;साझा प्रकाशन;Paperback;220;;2003;;2022/12/05;to-read;to-read (#288);to-read;;;;0;0
24800936;फूलहरुको युद्द ;Fulharuko Yuddha;Pradeep Chapagain;Chapagain, Pradeep;;;9789937869324;0;5,00;Shabdahar Creation;Paperback;97;2015;2015;;2022/12/05;to-read;to-read (#286);to-read;;;;0;0
45285786;यो प्रेम ;Yo Prem;Gopal Prasad Rimal;Rimal, Gopal Prasad;गोपालप्रसाद रिमाल;;9789993328780;0;3,93;साझा प्रकाशन;Paperback;71;;;;2022/12/05;to-read;to-read (#287);to-read;;;;0;0
58101798;धरहराको सहर ;Dharahara ko Sahar;Pradeep Nepal;Nepal, Pradeep;प्रदीप नेपाल;;9789937322454;0;0,0;साझा प्रकाशन;Paperback;112;;;;2022/12/05;to-read;to-read (#285);to-read;;;;0;0
55221361;सम्झनामा फक्रिएका थुँँगाहरू ;Samjhana ma Fakrieka Thungaharu;Rochak Ghimire;Ghimire, Rochak;रोचक घिमिरे;;;0;4,00;साझा प्रकाशन;Paperback;107;;;;2022/12/05;to-read;to-read (#284);to-read;;;;0;0
21190860;Take The Lead Nepal's Future Has Begun;;Anil Chitrakar;Chitrakar, Anil;;;;0;3,74;Kathalaya Publication;Kindle Edition;169;2013;2013;;2022/12/05;to-read;to-read (#282);to-read;;;;0;0
45285739;आवर्तन ;Aawartan;Rajeshwar Devkota;Devkota, Rajeshwar;राजेश्वर देवकोटा;;9789993327844;0;3,00;साझा प्रकाशन;Paperback;56;;;;2022/12/05;to-read;to-read (#283);to-read;;;;0;0
33851375;बर्बरिक ;Barbarik;Pradeep Nepal;Nepal, Pradeep;प्रदीप नेपाल;;9789937593168;0;3,29;ओरिएन्टल पब्लिकेसन;Paperback;154;;;;2022/12/05;to-read;to-read (#281);to-read;;;;0;0
45285369;पाइप नंं. २ ;Pipe No. 2;Bhawani Bhikshu;Bhikshu, Bhawani;भवानी भिक्षु;;;0;3,25;साझा प्रकाशन;Paperback;84;;;;2022/12/05;to-read;to-read (#279);to-read;;;;0;0
54497727;मेरो मान्छे ;Mero Manchhe;Madhav Prasad Pokharel;Pokharel, Madhav Prasad;माधवप्रसाद पोखरेल;;;0;4,00;साझा प्रकाशन;Paperback;184;;;;2022/12/05;to-read;to-read (#280);to-read;;;;0;0
15255951;समय बिम्ब ;Samaya Bimba;Bibas Pokhrel;Pokhrel, Bibas;विवश पोखरेल;9993337587;9789993337584;0;0,0;वाणी प्रकाशन;Paperback;112;;;;2022/12/05;to-read;to-read (#278);to-read;;;;0;0
56978331;बाघमारेको लालसलाम ;Baghmareko Lalsalam;Pradeep Nepal;Nepal, Pradeep;प्रदीप नेपाल;;9789993326564;0;4,00;साझा प्रकाशन;Paperback;124;;;;2022/12/05;to-read;to-read (#277);to-read;;;;0;0
55515154;नागदहको थिति ;Naagdaha ko Thiti;Madhav Prasad Pokharel;Pokharel, Madhav Prasad;माधवप्रसाद पोखरेल;;;0;0,0;साझा प्रकाशन;Paperback;224;;;;2022/12/05;to-read;to-read (#276);to-read;;;;0;0
25972026;मान्ठा डराएको जुग ;Mantha Darayeko Jug;Mohan Mainali;Mainali, Mohan;मोहन मैनाली;;9789937893114;0;4,03;FinePrint;Paperback;318;2015;2015;;2022/12/05;to-read;to-read (#275);to-read;;;;0;0
12472872;वल्लीको डायरी ;Walli Ko Diary;Manisha Gauchan;Gauchan, Manisha;मनिषा गौचन;;;0;4,11;Sangri~la Books;Paperback;217;2012;2012;;2022/12/05;to-read;to-read (#274);to-read;;;;0;0
54459561;मदन रेग्मीका कविता ;Madan Regmi ka Kavita;Madan Regmi;Regmi, Madan;मदन रेग्मी;;;0;0,0;साझा प्रकाशन;Paperback;190;;;;2022/12/05;to-read;to-read (#272);to-read;;;;0;0
58346487;एउटा बूढो भ्वाइलिनः आशावरीको धुनमा ;Euta Budho Violin : Aashavari ko Dhoonma;Ramesh Vikal;Vikal, Ramesh;रमेश विकल;;;0;0,0;नेपाल राजकीय प्रज्ञा-प्रतिष्ठान;Paperback;163;;;;2022/12/05;to-read;to-read (#273);to-read;;;;0;0
18661646;ह्वाइट केन ;White Cane;Manisha Gauchan;Gauchan, Manisha;मनिषा गौचन;;9789937872140;0;3,90;Sangri~la Books;Paperback;309;2013;;;2022/12/05;to-read;to-read (#270);to-read;;;;0;0
42086075;भैरव अर्यालका हास्यव्यङ्ग्य ;Bhairab Aryal Ka Hasya Bangya;Bhairab Aryal;Aryal, Bhairab;भैरव अर्याल;;;0;4,17;भैरव पुरस्कार गुठी;Paperback;311;;;;2022/12/05;to-read;to-read (#271);to-read;;;;0;0
44088655;सागर उर्लन्छ सगरमाथा छुन ;Sagar Urlancha Sagarmatha Chuna;Ramesh Vikal;Vikal, Ramesh;रमेश विकल;9993325015;9789993325017;0;3,67;साझा प्रकाशन;Paperback;285;2006;;;2022/12/05;to-read;to-read (#269);to-read;;;;0;0
53164033;सर्पहरू गीत सुन्दैनन् ;Sarpaharu Geet Sundainan;Shailendra Sakar;Sakar, Shailendra;शैलेन्द्र साकार;;9788182500501;0;0,0;निराला पव्लिकेशन्स;Paperback;108;;;;2022/12/05;to-read;to-read (#268);to-read;;;;0;0
18166214;मसान ;Masan;Gopal Prasad Rimal;Rimal, Gopal Prasad;गोपालप्रसाद रिमाल;9993328308;9789993328308;0;3,82;Sajha Prakashan;Paperback;63;2009;2001;;2022/12/05;to-read;to-read (#267);to-read;;;;0;0
41214240;आज फेरि अर्को तन्ना फेरिन्छ ;Aaja Pheri Arko Tanna Pherincha;Ramesh Vikal;Vikal, Ramesh;रमेश विकल;9993326267;9789993326267;0;3,18;साझा प्रकाशन;Paperback;124;2007;;;2022/12/05;to-read;to-read (#266);to-read;;;;0;0
18052426;प्रत्येक ठाउँ : प्रत्येक मान्छे ;Pratyek Thau : Pratyek Manchhe;Peter J. Karthak;Karthak, Peter J.;पिटर जे. कार्थक;;9789937804660;0;3,65;Fine Print;Paperback;218;2008;1977;;2022/12/05;to-read;to-read (#264);to-read;;;;0;0
53859886;भोजपुरे हुलाकीका सन्तान ;Bhojpure Hulaki ka Santan;Shailendra Sakar;Sakar, Shailendra;शैलेन्द्र साकार;;9789937056526;0;0,0;निराला पव्लिकेशन्स;Paperback;209;;;;2022/12/05;to-read;to-read (#265);to-read;;;;0;0
23570207;Coma - a political sex;;Kumar Nagarkoti;Nagarkoti, Kumar;;;9789937280143;0;4,00;Ratna Pustak Bhandar;Paperback;;2014;2014;;2022/12/05;to-read;to-read (#263);to-read;;;;0;0
53913961;शैलेन्द्र साकारका कविता ;Shailendra Sakar ka Kavita;Shailendra Sakar;Sakar, Shailendra;शैलेन्द्र साकार;;;0;0,0;साझा प्रकाशन;Paperback;160;;;;2022/12/05;to-read;to-read (#261);to-read;;;;0;0
49197121;बिरानाे देशमा ;Birano Deshma;Ramesh Vikal;Vikal, Ramesh;रमेश विकल;;9789993327431;0;3,50;साझा प्रकाशन;Paperback;86;;;;2022/12/05;to-read;to-read (#262);to-read;;;;0;0
23570194;मोक्षान्त: काठमान्डु फिभर ;Mokshanta : Kathmandu Fever;Kumar Nagarkoti;Nagarkoti, Kumar;;;9789993308683;0;3,86;रत्न पुस्तक भण्डार;Paperback;265;2011;2011;;2022/12/05;to-read;to-read (#260);to-read;;;;0;0
54833259;निमित्त नायक ;Nimitta Nayak;Dhruba Chandra Gautam;Gautam, Dhruba Chandra;ध्रुवचन्द्र गौतम;;;0;0,0;केदार सुवेदी;Paperback;264;;;;2022/12/05;to-read;to-read (#258);to-read;;;;0;0
51824128;इन्साफ ;Insaaf;Bhim Nidhi Tiwari;Tiwari, Bhim Nidhi;भीमनिधि तिवारी;;;0;0,0;साझा प्रकाशन;Paperback;264;;;;2022/12/05;to-read;to-read (#259);to-read;;;;0;0
42075277;डापी ;Dapi;Dhruba Chandra Gautam;Gautam, Dhruba Chandra;ध्रुवचन्द्र गौतम;;9789993326243;0;3,00;साझा प्रकाशन;Paperback;290;2007;1977;;2022/12/05;to-read;to-read (#257);to-read;;;;0;0
58094587;अचानो ;Achano;Bhogendra Basnet;Basnet, Bhogendra;भोगेन्द्र बस्नेत;;;0;0,0;साझा प्रकाशन;;;;;;2022/12/05;to-read;to-read (#255);to-read;;;;0;0
21066129;लेखककी स्वास्नी ;Lekhak ki Swasni;Pragati Rai;Rai, Pragati;प्रगति राई;;9789937627023;0;2,71;Yamburi Book Point;Paperback;226;2013;2013;;2022/12/05;to-read;to-read (#256);to-read;;;;0;0
42080033;महत्ताहीन ;Mahattahin;Parijat;Parijat, Parijat;पारिजात;;9789937322850;0;3,46;साझा प्रकाशन;Paperback;91;;1968;;2022/12/05;to-read;to-read (#253);to-read;;;;0;0
55451683;संरक्षक ;Sanrakshak;Dhruba Chandra Gautam;Gautam, Dhruba Chandra;ध्रुवचन्द्र गौतम, Ramesh Gorkhali, रमेश गोर्खाली;;9789993325789;0;3,00;साझा प्रकाशन;Paperback;122;;;;2022/12/05;to-read;to-read (#254);to-read;;;;0;0
18579827;चकलेट ;Chaklet;Nayan Raj Pandey;Pandey, Nayan Raj;नयनराज पाण्डे;;9789937866361;0;3,12;Sangri-La;Paperback;166;2013;2013;;2022/12/05;to-read;to-read (#252);to-read;;;;0;0
58023873;क्यापिटल हिल ;Capital Hill;Rajav;Rajav, Rajav;राजव;;;0;0,0;अर्किड बुक्स;;;;;;2022/12/05;to-read;to-read (#251);to-read;;;;0;0
52465689;चकमन्नमा एकान्त ;Chakamannama Ekanta;Dhruba Chandra Gautam;Gautam, Dhruba Chandra;ध्रुवचन्द्र गौतम;;9789937332354;0;4,50;रत्न पुस्तक भण्डार;Paperback;176;;;;2022/12/05;to-read;to-read (#250);to-read;;;;0;0
42566655;पाताल प्रवास ;Patal Pravas;Taranath Sharma;Sharma, Taranath;तारानाथ शर्मा;;9789937712026;0;4,00;मञ्जरी पब्लिकेशन;Paperback;253;2018;1985;;2022/12/05;to-read;to-read (#249);to-read;;;;0;0
17558489;खेलौना ;Khelauna;Rajendra Thapa;Thapa, Rajendra;;;;0;2,69;Yamburi Book Point;Paperback;178;;2013;;2022/12/05;to-read;to-read (#248);to-read;;;;0;0
54621263;बेकारीमा उपन्यास ;Bekarima Upanyas;Rajav;Rajav, Rajav;राजव;;9789937866378;0;5,00;Sangri-La Books;Paperback;144;;;;2022/12/05;to-read;to-read (#247);to-read;;;;0;0
38617587;स्रष्टा र साहित्य ;Srasta ra Sahitya;Uttam Kunwar;Kunwar, Uttam;उत्तम कुँवर;;;0;4,50;साझा प्रकाशन;Paperback;354;;1966;;2022/12/05;to-read;to-read (#245);to-read;;;;0;0
55075122;ध्रुवचन्द्र गौतम : समग्र कथा ;Dhruba Chandra Gautam : Samagra Katha;Dhruba Chandra Gautam;Gautam, Dhruba Chandra;ध्रुवचन्द्र गौतम, Roshan Thapa 'Neerab', रोशन थापा 'नीरव';;;0;0,0;उपलब्धि साहित्य विकास उपसमिति;Paperback;656;;;;2022/12/05;to-read;to-read (#246);to-read;;;;0;0
54621754;कमरेड ड्राइभर ;Camrade Driver;Rajav;Rajav, Rajav;राजव;;9789937866323;0;5,00;Sangri-La Books;Paperback;105;;;;2022/12/05;to-read;to-read (#244);to-read;;;;0;0
44102320;लगन ;Lagan;Acchha Rai 'Rasik';'Rasik', Acchha Rai;अच्छा राई 'रसिक';;9789937712248;0;3,71;Manjari Publication;Paperback;276;2018;;;2022/12/05;to-read;to-read (#243);to-read;;;;0;0
42428045;शब्दातीत शान्तनु ;Shabdatit Shantanu;Banira Giri;Giri, Banira;वानीरा गिरि;999332311X;9789993323112;0;2,67;साझा प्रकाशन;Paperback;131;2003;;;2022/12/05;to-read;to-read (#242);to-read;;;;0;0
54621766;इतर जिल्लावासी ;Etar Jillabasi;Rajav;Rajav, Rajav;राजव;;;0;5,00;नेपाल राजकीय प्रज्ञा प्रतिष्ठान;Paperback;83;;;;2022/12/05;to-read;to-read (#241);to-read;;;;0;0
38617607;महाकवि देवकोटा ;Mahakabi Devkota;Nityaraj Pandey;Pandey, Nityaraj;नित्यराज पाण्डे;;9789993327929;0;5,00;साझा प्रकाशन;Paperback;215;;1960;;2022/12/05;to-read;to-read (#239);to-read;;;;0;0
45320237;डाक बंगला ;Dak Bangla;Shiva Kumar Rai;Rai, Shiva Kumar;शिवकुमार राई;;9789937712699;0;3,92;Manjari Publication;Paperback;266;;;;2022/12/05;to-read;to-read (#240);to-read;;;;0;0
57213695;कङ्गन खित्का ;Kangan Khitka;Rajav;Rajav, Rajav;राजव;;;0;4,00;साझा प्रकाशन;Paperback;88;;;;2022/12/05;to-read;to-read (#238);to-read;;;;0;0
53927467;केही कथा कविता र संस्मरण ;Kehi Katha Kavita ra Sansmaran;Jagadish Ghimire;Ghimire, Jagadish;जगदीश घिमिरे;;;0;0,0;साझा प्रकाशन;Paperback;120;;;;2022/12/05;to-read;to-read (#237);to-read;;;;0;0
54621741;एटलान्टिक स्ट्रिट ;Atlantic Street;Rajav;Rajav, Rajav;राजव;;9789937705301;0;5,00;Pheonix Books;Paperback;137;;;;2022/12/05;to-read;to-read (#235);to-read;;;;0;0
43076635;देवकोटा ;Devkota;Chudamani Bandhu;Bandhu, Chudamani;चूडामणि बन्धु;;;0;2,00;साझा प्रकाशन;Paperback;446;;1979;;2022/12/05;to-read;to-read (#236);to-read;;;;0;0
43075335;नेपाली उपन्यास र उपन्यासकार ;Nepali Upanyas Ra Upanyaskar;Krishna Chandra Singh Pradhan;Pradhan, Krishna Chandra Singh;कृष्णचन्द्रसिंह प्रधान;;;0;3,00;साझा प्रकाशन;Paperback;470;;;;2022/12/05;to-read;to-read (#233);to-read;;;;0;0
55577297;स्मृतिकथामा सत्व ;Smritikathama Satwa;Archana Thapa;Thapa, Archana;अर्चना थापा;;9789937855891;0;3,00;अक्षर क्रिएसन;Paperback;248;2020;2020;;2022/12/05;to-read;to-read (#234);to-read;;;;0;0
58094551;मोटेल अमेरिका ;Motel America;Rajav;Rajav, Rajav;राजव;;;0;2,00;साझा प्रकाशन;Paperback;106;;;;2022/12/05;to-read;to-read (#232);to-read;;;;0;0
45732252;कठपुतला ;Kathputala;Archana Thapa;Thapa, Archana;अर्चना थापा;;9789937855853;0;4,00;Akshar Creations;Paperback;248;;;;2022/12/05;to-read;to-read (#231);to-read;;;;0;0
44291094;आज रमिता छ ;Aaja Ramita Chha;Indra Bahadur Rai;Rai, Indra Bahadur;इन्द्रबहादुर राई;;9789993328643;0;3,81;साझा प्रकाशन;Paperback;145;2011;;;2022/12/05;to-read;to-read (#230);to-read;;;;0;0
17259332;स्वअस्तित्वको खोज ;Swaastitwako Khoj;Archana Thapa;Thapa, Archana;अर्चना थापा;;9789937855808;0;3,00;अक्षर क्रिएसन नेपाल;Paperback;295;2012;2012;;2022/12/05;to-read;to-read (#228);to-read;;;;0;0
57631792;सुन्तली ;Suntali;Bhawani Bhikshu;Bhikshu, Bhawani;भवानी भिक्षु;;;0;0,0;साझा प्रकाशन;Paperback;52;;;;2022/12/05;to-read;to-read (#229);to-read;;;;0;0
39109625;वीर चरित्र ;Bir Charitra;Girish Ballabh Joshi;Joshi, Girish Ballabh;गिरीशवल्लभ जाेशी;;;0;3,60; जगदम्बा प्रकाशन;Paperback;525;1965;;;2022/12/05;to-read;to-read (#227);to-read;;;;0;0
54234493;विसर्ग ;Bisarga;Parashu Pradhan;Pradhan, Parashu;Govinda Giri Prerana, परशु प्रधान, गोविन्द गिरी प्रेरणा;;9789937332118;0;0,0;रत्न पुस्तक भण्डार;Paperback;128;;;;2022/12/05;to-read;to-read (#226);to-read;;;;0;0
43084995;तिम्री स्वास्नी र म ;Timri Swasni ra Ma;Manu Brajaki;Brajaki, Manu;मनु ब्राजाकी;;9789993324263;0;3,50;साझा प्रकाशन;Paperback;112;;;;2022/12/05;to-read;to-read (#224);to-read;;;;0;0
44314843;भूमिगत ;Bhumigat;Bhagirathi Shrestha;Shrestha, Bhagirathi;भागीरथी श्रेष्ठ;;9789937320177;0;0,0;साझा प्रकाशन;Paperback;138;;;;2022/12/05;to-read;to-read (#225);to-read;;;;0;0
42838590;ध्रुवचन्द्रका एकाउन्न कथा ;Dhrubachandraka Ekaunna Katha;Dhruba Chandra Gautam;Gautam, Dhruba Chandra;ध्रुवचन्द्र गौतम, Govinda Giri Prerana;999337119X;;0;0,0;नेपाल राजकीय प्रज्ञा प्रतिष्ठान;Paperback;343;2001;2001;;2022/12/05;to-read;to-read (#223);to-read;;;;0;0
54459527;विभ्रम ;Bibhram;Bhagirathi Shrestha;Shrestha, Bhagirathi;भागीरथी श्रेष्ठ;;;0;3,00;साझा प्रकाशन;Paperback;224;;;;2022/12/05;to-read;to-read (#222);to-read;;;;0;0
55166894;घोराही शून्य किलोमिटर ;Ghorahi Shunya Kilomiter;Govinda Giri Prerana;Prerana, Govinda Giri;गोविन्द गिरी प्रेरणा;;9789993308140;0;0,0;रत्न पुस्तक भण्डार;Paperback;130;;;;2022/12/05;to-read;to-read (#221);to-read;;;;0;0
49414874;प्रियंंवदा ;Priyambada;Maya Thakuri;Thakuri, Maya;माया ठकुरी;;9789993309505;0;0,0;रत्न पुस्तक भण्डार;Paperback;148;;;;2022/12/05;to-read;to-read (#220);to-read;;;;0;0
39527340;योगमाया ;Yogmaya;Neelam Karki Niharika;Niharika, Neelam Karki;नीलम कार्की निहारिका;;9789937708197;0;3,64;Sangri-La Books;Paperback;504;2018;2018;;2022/12/05;to-read;to-read (#219);to-read;;;;0;0
54284628;गन्तव्य गणबहाल ;Gantavya Ganabahal;Govinda Giri Prerana;Prerana, Govinda Giri;गोविन्द गिरी प्रेरणा;;9789937323017;0;0,0;साझा प्रकाशन;Paperback;217;;;;2022/12/05;to-read;to-read (#218);to-read;;;;0;0
41842856;साबिती ;Sabiti;Jagadish Ghimire;Ghimire, Jagadish;जगदीश घिमिरे;;9789937207409;0;4,00;जगदीश घिमिरे प्रतिष्ठान;Paperback;114;2010;1975;;2022/12/05;to-read;to-read (#216);to-read;;;;0;0
53950392;माया ठकुरीका कथाहरू ;Maya Thakuri ka Kathaharu;Maya Thakuri;Thakuri, Maya;माया ठकुरी;;9789937903707;0;3,00;भानु प्रकाशन;Paperback;86;;;;2022/12/05;to-read;to-read (#217);to-read;;;;0;0
53787245;सुतेको समुन्द्र ;Suteko Samundra;Govinda Giri Prerana;Prerana, Govinda Giri;गोविन्द गिरी प्रेरणा;;;0;0,0;साझा प्रकाशन;Paperback;93;;;;2022/12/05;to-read;to-read (#215);to-read;;;;0;0
58599157;चौतारो साक्षी छ ;Chautaro Sakshi Chha;Maya Thakuri;Thakuri, Maya;माया ठकुरी;;;0;0,0;साझा प्रकाशन;;;;;;2022/12/05;to-read;to-read (#214);to-read;;;;0;0
42508186;मुलुक बाहिर ;Muluk Bahira;Lain Singh Bangdel;Bangdel, Lain Singh;लैनसिंह बाङ्देल;;9789993307733;0;4,05;Ratna Pustak Bhandar;Paperback;192;2017;;;2022/12/05;to-read;to-read (#213);to-read;;;;0;0
55166797;अन्तराल ;Antaral;Govinda Giri Prerana;Prerana, Govinda Giri;गोविन्द गिरी प्रेरणा;;;0;0,0;नेपाल राजकीय प्रज्ञा प्रतिष्ठान;Paperback;125;;;;2022/12/05;to-read;to-read (#212);to-read;;;;0;0
52886957;गमलाको फूल ;Gamala ko Phool;Maya Thakuri;Thakuri, Maya;माया ठकुरी;9993342238;;0;3,00;साझा प्रकाशन;Paperback;66;;;;2022/12/05;to-read;to-read (#211);to-read;;;;0;0
9879911;मुलुक बाहिर म ;Muluk Bahira Ma;Lain Singh Bangdel;Bangdel, Lain Singh;लैनसिंह बाङ्देल;;9789993308324;0;3,66;Ratna Pustak Bhandar;Paperback;497;2010;2010;;2022/12/05;to-read;to-read (#210);to-read;;;;0;0
53410536;नजुरेको जोडी ;Najureko Jodi;Maya Thakuri;Thakuri, Maya;माया ठकुरी;;;0;4,00;वनिता प्रकाशन;Paperback;72;;;;2022/12/05;to-read;to-read (#208);to-read;;;;0;0
55166769;गुडबाई अमेरिका ;Goodbye America;Govinda Giri Prerana;Prerana, Govinda Giri;गोविन्द गिरी प्रेरणा;9994685023;;0;0,0;बगर फाउन्डेसन नेपाल;Paperback;66;;;;2022/12/05;to-read;to-read (#209);to-read;;;;0;0
42398582;माटोको माया ;Matoko Maya;Bhim Nidhi Tiwari;Tiwari, Bhim Nidhi;भीमनिधि तिवारी;9993329886;9789993329886;0;4,67;साझा प्रकाशन;Paperback;87;2010;;;2022/12/05;to-read;to-read (#207);to-read;;;;0;0
53787263;अन्तिम खाडल ;Antim Khadal;Govinda Giri Prerana;Prerana, Govinda Giri;गोविन्द गिरी प्रेरणा;;;0;3,00;अनुभव प्रकाशन;Paperback;88;;;;2022/12/05;to-read;to-read (#206);to-read;;;;0;0
13722809;भानुभक्तको रामायण ;Bhanubhaktako Ramayana;Bhanubhakta Acharya;Acharya, Bhanubhakta;भानुभक्त आचार्य;999332597X;9789993325970;0;4,24;साझा प्रकाशन;Paperback;256;2008;2008;;2022/12/05;to-read;to-read (#204);to-read;;;;0;0
49414637;आमा! जानुहोस् ;Aama! Januhos;Maya Thakuri;Thakuri, Maya;माया ठकुरी;;9789993306054;0;2,00;रत्न पुस्तक भण्डार;Paperback;134;;;;2022/12/05;to-read;to-read (#205);to-read;;;;0;0
52887167;साँँघु तरेपछि ;Saghu Tarepachi;Maya Thakuri;Thakuri, Maya;माया ठकुरी;9993324434;9789993324430;0;3,50;साझा प्रकाशन;Paperback;112;;;;2022/12/05;to-read;to-read (#202);to-read;;;;0;0
53787289;उत्खनन ;Utkhanan;Govinda Giri Prerana;Prerana, Govinda Giri;गोविन्द गिरी प्रेरणा;;;0;4,00;साझा प्रकाशन;Paperback;227;;;;2022/12/05;to-read;to-read (#203);to-read;;;;0;0
43020021;सम्झनाका गल्छेडाहरूमा ;Samjhanaka Galchhedaharuma;Dhanush Chandra Gautam;Gautam, Dhanush Chandra;ध.च. गोतामे;;9789937705004;0;3,75;Phoenix Books;Paperback;182;2017;1998;;2022/12/05;to-read;to-read (#201);to-read;;;;0;0
43537000;मुकुन्द-इन्दिरा ;Mukunda Indira;Balkrishna Sama;Sama, Balkrishna;बालकृष्ण सम;9937320895;9789937320894;0;3,55;साझा प्रकाशन;Paperback;125;2011;1965;;2022/12/05;to-read;to-read (#200);to-read;;;;0;0
16300333;खान पुगोस् दिन पुगोस् ;Khana Pugos, Dina Pugos;Rabindra Mishra;Mishra, Rabindra;रविन्द्र मिश्र;9937905842;9789937905848;0;3,48;Publication Nepalaya;Paperback;293;2012;2012;;2022/12/05;to-read;to-read (#199);to-read;;;;0;0
42116467;लिभिङ टुगेदर ;Living Together;Govinda Giri Prerana;Prerana, Govinda Giri;;;;0;3,00;BN Pustak Sansar;Paperback;200;2018;2018;;2022/12/05;to-read;to-read (#198);to-read;;;;0;0
51788939;हंस ;Hansa;Sanjeev Uprety;Uprety, Sanjeev;सञ्जीव उप्रेति;;9789937934251;0;3,28;Book Hill;Paperback;219;2019;;;2022/12/05;to-read;to-read (#197);to-read;;;;0;0
54284647;छड्के तिलहरी ;Chadke Tilhari;Govinda Giri Prerana;Prerana, Govinda Giri;गोविन्द गिरी प्रेरणा;;9789937321600;0;0,0;साझा प्रकाशन;Paperback;112;;;;2022/12/05;to-read;to-read (#195);to-read;;;;0;0
42963571;आगोनेर उभिएको मानिस ;Aagonera Ubhiako Manish;Bimal Nibha;Nibha, Bimal;विमल निभा;;;0;4,67;साझा प्रकाशन;Paperback;57;1995;1984;;2022/12/05;to-read;to-read (#196);to-read;;;;0;0
15256024;भोलि बास्ने बिहान ;Bholi Basne Bihan;Krishna Bhusan Bal;Bal, Krishna Bhusan;कृष्णभूषण बल;9993342254;9789993342250;0;3,83;साझा प्रकाशन;Paperback;70;2003;1984;;2022/12/05;to-read;to-read (#193);to-read;;;;0;0
53135151;दशैं खर्च ;Dashain Kharcha;Narayan Tiwari;Tiwari, Narayan;नारायण तिवारी;9993340650;;0;3,00;साझा प्रकाशन;Paperback;80;;;;2022/12/05;to-read;to-read (#194);to-read;;;;0;0
14739302;घनचक्कर ;Ghanachakkar;Sanjeev Uprety;Uprety, Sanjeev;सञ्जीव उप्रेति;;9789994628872;0;3,53;Nepa-Laya;Hardcover;247;2007;2007;;2022/12/05;to-read;to-read (#192);to-read;;;;0;0
56944385;अन्त्यहीन इच्छा ;Antyahin Iccha;Gita Khatri;Khatri, Gita;गीता खत्री;;9789937323512;0;0,0;साझा प्रकाशन;Paperback;92;;;;2022/12/05;to-read;to-read (#191);to-read;;;;0;0
44678371;अन्त्यहीन अन्त्य ;Antyahin Antya;Shova Bhattarai;Bhattarai, Shova;शोभा भट्टराई;;;0;3,67;प्रतिभा प्रकाशन;Paperback;95;;;;2022/12/05;to-read;to-read (#189);to-read;;;;0;0
55151496;याम्बुनेर ;Yambunera;Bina Theeng;Theeng, Bina;बिना थिङ;9937705517;9789937705516;0;3,44;फिनिक्स बुक्स;Paperback;173;2020;2020;;2022/12/05;to-read;to-read (#190);to-read;;;;0;0
54782799;परित्यक्ता ;Parityakta;Bhuwan Dhungana;Dhungana, Bhuwan;भुवन ढुङ्गाना;;9789937937818;0;3,00;Publication Nepalaya;Paperback;146;;;;2022/12/05;to-read;to-read (#188);to-read;;;;0;0
39899609;आगत ;Aagat;Bhawani Bhikshu;Bhikshu, Bhawani;भवानी भिक्षु;;;0;4,00;साझा प्रकाशन;Paperback;568;1993;1975;;2022/12/05;to-read;to-read (#187);to-read;;;;0;0
43181710;ज्योति ज्योति महाज्योति ;Jyoti Jyoti Mahajyoti;Daulat Bikram Bista;Bista, Daulat Bikram;दौलतविक्रम बिष्ट;9937320585;9789937320580;0;4,33;साझा प्रकाशन;Paperback;409;2011;1988;;2022/12/05;to-read;to-read (#185);to-read;;;;0;0
55121285;सपनामा मार्क्स ;Sapana ma Marx;Rajendra Parajuli;Parajuli, Rajendra;राजेन्द्र पराजुली;;9789937320733;0;0,0;साझा प्रकाशन;Paperback;128;;;;2022/12/05;to-read;to-read (#186);to-read;;;;0;0
55292680;कान्छा महारानी ;Kanchha Maharani;Sheeba Shah;Shah, Sheeba;Saguna Shah;9937734185;9789937734189;0;3,85;Sangri~La Books;Paperback;290;2020;2018;;2022/12/05;to-read;to-read (#183);to-read;;;;0;0
55121415;कोटेश्वरको केटो ;Koteshwor ko Keto;Rajendra Parajuli;Parajuli, Rajendra;राजेन्द्र पराजुली;;9789937705509;0;3,00;Phoenix Books;Paperback;205;;;;2022/12/05;to-read;to-read (#184);to-read;;;;0;0
38617771;माधवी ;Madhabi;Madan Mani Dixit;Dixit, Madan Mani;मदनमणि दीक्षित;9993329088;9789993329084;0;4,26;साझा प्रकाशन;Paperback;570;2017;1979;;2022/12/05;to-read;to-read (#182);to-read;;;;0;0
51522698;कुमारी प्रश्नहरू ;Kumari Prashnaharu;Durga Karki;Karki, Durga;दुर्गा कार्की;9937932092;9789937932097;0;3,71;Publication Nepalaya;Paperback;262;2020;;;2022/12/05;to-read;to-read (#180);to-read;;;;0;0
36581704;अनायिका ;Anayika;Rajendra Parajuli;Parajuli, Rajendra;राजेन्द्र पराजुली;;9789993325567;0;2,00;साझा प्रकाशन;Paperback;123;2007;2007;;2022/12/05;to-read;to-read (#181);to-read;;;;0;0
39899597;योजनगन्धा ;Yojana Gandha;Binod Prasad Dhital;Dhital, Binod Prasad;विनोदप्रसाद धिताल;9993324914;9789993324911;0;3,78;साझा प्रकाशन;Paperback;422;2006;1995;;2022/12/05;to-read;to-read (#179);to-read;;;;0;0
54012553;अघोरी ;Aghori;Rajendra Parajuli;Parajuli, Rajendra;राजेन्द्र पराजुली;;9789937049047;0;0,0;Kitab Publishers;Paperback;164;;;;2022/12/05;to-read;to-read (#178);to-read;;;;0;0
38617710;नयाँ सडकको गीत ;Naya Sadak Ko Geet;Ramesh Vikal;Vikal, Ramesh;रमेश विकल;;9789993329848;0;4,06;साझा प्रकाशन;Paperback;91;;1961;;2022/12/05;to-read;to-read (#176);to-read;;;;0;0
42108561;च्यातिएको पर्दा ;Chyatiyeko Parda;Govinda Bahadur Malla;Malla, Govinda Bahadur;गोविन्दबहादुर मल्ल 'गोठाले';;9789993327158;0;4,40;साझा प्रकाशन;Paperback;59;2008;1959;;2022/12/05;to-read;to-read (#177);to-read;;;;0;0
43229526;दुर्भिक्ष ;Durvikshya;Narayan Dhakal;Dhakal, Narayan;नारायण ढकाल;;9789937866385;0;3,40;Sangri-La Books;Paperback;260;2013;;;2022/12/05;to-read;to-read (#175);to-read;;;;0;0
45997329;शुक्रराज शास्त्रीको चस्मा ;Shukraraj Shastri Ko Chasma;Rajendra Parajuli;Parajuli, Rajendra;राजेन्द्र पराजुली;;9789937910408;0;0,0;Sangrila Books;Paperback;177;;;;2022/12/05;to-read;to-read (#174);to-read;;;;0;0
24938350;कथैकथा ;Kathai Katha;Govinda Bahadur Malla;Malla, Govinda Bahadur;गोविन्दबहादुर मल्ल 'गोठाले';;9789993329398;0;3,67;साझा प्रकाशन;Paperback;136;2011;1960;;2022/12/05;to-read;to-read (#173);to-read;;;;0;0
43232941;प्रश्नहरुको कारखाना ;Prasnaharuko Karkhana;Sarita Tiwari;Tiwari, Sarita;सरिता तिवारी;;9789937905343;0;3,00;Sangri-La Books;Paperback;150;2015;2015;;2022/12/05;to-read;to-read (#172);to-read;;;;0;0
55777462;मोक्षभूमि ;Mokshya Bhumi;Keshav Dahal;Dahal, Keshav;केशव दाहाल;9937076897;9789937076890;0;3,57;Kitab Publishers;Paperback;376;2020;;;2022/12/05;to-read;to-read (#171);to-read;;;;0;0
50249640;बाह्र कथा ;Bahra Katha;Govinda Bahadur Malla;Malla, Govinda Bahadur;गोविन्दबहादुर मल्ल 'गोठाले';;9789993327424;0;4,33;साझा प्रकाशन;Paperback;92;;;;2022/12/05;to-read;to-read (#170);to-read;;;;0;0
56489422;आपा क्हार्प ;Aapa Kharpa;Tirtha Gurung;Gurung, Tirtha;तिर्थ गुरुङ;;9789937753005;0;4,00;बुक-हिल पब्लिकेसन;Paperback;224;;;;2022/12/05;to-read;to-read (#168);to-read;;;;0;0
41021172;यहाँ देखि त्यहाँसम्म ;Yeha Dekhi Teha Samma;Dhanush Chandra Gautam;Gautam, Dhanush Chandra;ध.च. गोतामे;;9789993325321;0;3,75;साझा प्रकाशन;Paperback;301;2006;1985;;2022/12/05;to-read;to-read (#169);to-read;;;;0;0
42765592;मोहन कोइरालाका कविता ;Mohan Koiralaka Kavita;Mohan Koirala;Koirala, Mohan;मोहन कोइराला, Ishwor Baral;;;0;4,00;साझा प्रकाशन;Paperback;336;;;;2022/12/05;to-read;to-read (#167);to-read;;;;0;0
43444129;कुमारी शोभा ;Kumari Sobha;Bijaya Malla;Malla, Bijaya;विजय मल्ल;;;0;4,00;नेपाल राजकीय प्रज्ञा प्रतिष्ठान;Paperback;174;1982;1982;;2022/12/05;to-read;to-read (#166);to-read;;;;0;0
52025109;सगरमाथाको गहिराइ ;Sagarmathako Gahirai;Nawaraj Parajuli;Parajuli, Nawaraj;नवराज पराजुली;;9789937665568;0;4,05;Fine Print Books;Hardcover;195;;;;2022/12/05;to-read;to-read (#165);to-read;;;;0;0
43545051;पाठशाला ;Pathshala;Tirtha Gurung;Gurung, Tirtha;;;9789937901561;0;3,52;Book Hill Publication;Paperback;245;2018;;;2022/12/05;to-read;to-read (#164);to-read;;;;0;0
44289250;जिउँदो लास ;Jeudo Laas;Bijaya Malla;Malla, Bijaya;विजय मल्ल;;9789993325680;0;4,67;साझा प्रकाशन;Paperback;57;;;;2022/12/05;to-read;to-read (#163);to-read;;;;0;0
42765665;वैरागी काईलाका कविताहरू ;Bairagi Kailaka Kabitaharu;Bairagi Kaila;Kaila, Bairagi;वैरागी काइँला;;;0;3,67;साझा प्रकाशन;Paperback;;;1974;;2022/12/05;to-read;to-read (#162);to-read;;;;0;0
42407134;नारायण ढकालका कथा ;Narayan Dhakalka Katha;Narayan Dhakal;Dhakal, Narayan;नारायण ढकाल;;9789937298261;0;3,00;Phoenix Books;Paperback;250;;;;2022/12/05;to-read;to-read (#160);to-read;;;;0;0
22593778;आमाको मुटु ;Aamako Mutu;Raamesh Koirala;Koirala, Raamesh;;;9789937853606;0;3,22;Fine Prints;Paperback;157;;;;2022/12/05;to-read;to-read (#161);to-read;;;;0;0
55349761;परेवा र कैदी ;Parewa ra Kaidi;Bijaya Malla;Malla, Bijaya;विजय मल्ल;9993325198;9789993325192;0;4,22;साझा प्रकाशन;Paperback;99;;;;2022/12/05;to-read;to-read (#159);to-read;;;;0;0
53481881;तमस ;Tamas;Narayan Dhakal;Dhakal, Narayan;नारायण ढकाल;;9789937935128;0;3,00;Book Hill Publication;Paperback;264;;;;2022/12/05;to-read;to-read (#158);to-read;;;;0;0
52143034;कथामा अल्झिएका प्रेम ;Kathama Aljhiyeka Prem;Sangita Shrestha;Shrestha, Sangita;संगीता श्रेष्ठ;9937905869;9789937905862;0;1,75;Publication Nepalaya;Paperback;286;2016;;;2022/12/05;to-read;to-read (#157);to-read;;;;0;0
50226101;मान्छेको नाच ;Mancheko Nach;Bijaya Malla;Malla, Bijaya;विजय मल्ल, Avinash Shrestha;;9789937665674;0;3,90;Fine Print Books;Paperback;196;;;;2022/12/05;to-read;to-read (#156);to-read;;;;0;0
34529730;बिम्ब प्रतिबिम्ब ;Bimba Pratibimba;Shankar Lamichhane;Lamichhane, Shankar;शङ्कर लामिछाने;9993333522;9789993333524;0;4,56;भावक अभियान नेपाल;Paperback;126;2001;1970;;2022/12/05;to-read;to-read (#155);to-read;;;;0;0
42404580;बहिर्गमन ;Bahirgaman;Narayan Dhakal;Dhakal, Narayan;नारायण ढकाल;;9799993323449;0;1,00;साझा प्रकाशन;Paperback;109;;;;2022/12/05;to-read;to-read (#153);to-read;;;;0;0
12472681;जेल जर्नल ;Jail Journal;Bishweshwar Prasad Koirala;Koirala, Bishweshwar Prasad;विश्वेश्वरप्रसाद कोइराला;;;0;3,82;साझा प्रकाशन;Paperback;251;2016;;;2022/12/05;to-read;to-read (#154);to-read;;;;0;0
50789089;एक बाटो अनेक मोड ;Ek Bato Anek Mod;Bijaya Malla;Malla, Bijaya;विजय मल्ल;;9789937322621;0;4,38;साझा प्रकाशन;Paperback;125;;;;2022/12/05;to-read;to-read (#152);to-read;;;;0;0
42631512;अब यस्तो कहिल्यै नहोस्  ;Aba Yasto Kahilyai Nahos;Baburam Acharya;Acharya, Baburam;बाबुराम आचार्य;;9789937665407;0;4,05;Fine Print Books;Paperback;315;2018;2006;;2022/12/05;to-read;to-read (#151);to-read;;;;0;0
38617886;इन्द्रजाल ;Indrajaal;Narayan Dhakal;Dhakal, Narayan;नारायण ढकाल;;9789937878968;0;2,80;Fine Print Books;Paperback;228;2015;;;2022/12/05;to-read;to-read (#150);to-read;;;;0;0
42169988;पत्थरको कथा ;Patthar Ko Katha;Bijaya Malla;Malla, Bijaya;विजय मल्ल;;9789937320542;0;4,33;साझा प्रकाशन;Paperback;180;2016;;;2022/12/05;to-read;to-read (#148);to-read;;;;0;0
53099085;गुलाबी उमेर ;Gulabi Umer;Amar Neupane;Neupane, Amar;अमर न्यौपाने;9937665663;9789937665667;0;3,11;Fineprint;Paperback;379;2019;;;2022/12/05;to-read;to-read (#149);to-read;;;;0;0
40713366;रणहार ;Ranahar;Yogesh Raj;Raj, Yogesh;योगेश राज;9937921244;9789937921244;0;3,55;Publication Nepalaya;Hardcover;151;2018;2018;;2022/12/05;to-read;to-read (#147);to-read;;;;0;0
18205591;पर्खालबित्र र बहिर ;Parkhal Bhitra ra Bahira;Parijat;Parijat, Parijat;पारिजात;;9789937014519;0;3,77;Phoenix Books;Paperback;128;2016;;;2022/12/05;to-read;to-read (#146);to-read;;;;0;0
60070486;महाभारा ;Mahabhara;Basanta Basnet;Basnet, Basanta;बसन्त बस्नेत;;9789937746410;0;3,52;FinePrint;Hardcover;388;2022;2022;;2022/12/05;to-read;to-read (#145);to-read;;;;0;0
44321550;जनजीवनका जीवनगाथा ;Janjiwan ka Jiwangatha;Manu Brajaki;Brajaki, Manu;मनु ब्राजाकी;;9789937875967;0;4,00;Sangrila Books;Paperback;330;;;;2022/12/05;to-read;to-read (#144);to-read;;;;0;0
57203953;विश्रामपुर ;Bishrampur;Padam Gautam;Gautam, Padam;पदम गौतम;;9789937734356;0;3,67;Sangrila Books;Paperback;269;2021;;;2022/12/05;to-read;to-read (#143);to-read;;;;0;0
52637902;धनिया ;Dhaniya;Parashu Pradhan;Pradhan, Parashu;परशु प्रधान, Bimal Bhaukajee, विमल भौकाजी;;;0;0,0;डिकुरा पब्लिकेशन;Paperback;265;;;;2022/12/05;to-read;to-read (#142);to-read;;;;0;0
38721020;अनुराधा ;Anuradha;Bijaya Malla;Malla, Bijaya;विजय मल्ल;;9789937322058;0;3,86;साझा प्रकाशन;Paperback;151;2012;;;2022/12/05;to-read;to-read (#141);to-read;;;;0;0
33007162;इति ;Iti;Uma Subedi;Subedi, Uma;;;9789937855846;0;4,00;Akshar Creations;Paperback;219;2016;2016;;2022/12/05;to-read;to-read (#140);to-read;;;;0;0
54262989;तराई-मधेसका कथा ;Terai-Madesh ka Katha;Parashu Pradhan;Pradhan, Parashu;Narayan Tiwari, परशु प्रधान, नारायण तिवारी;;9789937518581;0;0,0;पैरवी प्रकाशन;Paperback;276;;;;2022/12/05;to-read;to-read (#139);to-read;;;;0;0
25636497;पल्लो घरको झ्याल ;Pallo Ghar ko Jhyal;Govinda Bahadur Malla;Malla, Govinda Bahadur;गोविन्दबहादुर मल्ल 'गोठाले';;9789993327516;0;3,51;साझा प्रकाशन;Paperback;94;;;;2022/12/05;to-read;to-read (#138);to-read;;;;0;0
18166220;हिटलर र यहुदी ;Hitler ra Yahudee;Bishweshwar Prasad Koirala;Koirala, Bishweshwar Prasad;विश्वेश्वरप्रसाद कोइराला;9993328146;9789993328148;0;3,66;साझा प्रकाशन;Paperback;136;2012;1958;;2022/12/05;to-read;to-read (#137);to-read;;;;0;0
18579904;तोदा ;Toda;Uma Subedi;Subedi, Uma;;;9789937866392;0;3,11;Sangri-La;Paperback;214;2013;2013;;2022/12/05;to-read;to-read (#136);to-read;;;;0;0
53653670;कथा र रचनागर्भ ;Katha ra Rachanagarva;Parashu Pradhan;Pradhan, Parashu;परशु प्रधान;999333233X;9789993332336;0;2,50;वाणी प्रकाशन;Paperback;157;2001;2001;;2022/12/05;to-read;to-read (#135);to-read;;;;0;0
43180561;प्रेतकल्प ;Pretkalpa;Narayan Dhakal;Dhakal, Narayan;नारायण ढकाल;;9789993329107;0;4,14;साझा प्रकाशन;Paperback;223;2010;2007;;2022/12/05;to-read;to-read (#134);to-read;;;;0;0
42508285;लङ्गडाको साथी ;Langadako Sathi;Lain Singh Bangdel;Bangdel, Lain Singh;लैनसिंह बाङ्देल;;9789993308461;0;3,54;Ratna Pustak Bhandar;Paperback;69;2016;1951;;2022/12/05;to-read;to-read (#133);to-read;;;;0;0
52979184;ओपन सेक्रेट ;Open Secret;KP Dhungana;Dhungana, KP;;;9789937248969;0;0,0;Fine Print Books;Paperback;289;2012;;;2022/12/05;to-read;to-read (#132);to-read;;;;0;0
34986636;चपाइएका अनुहार ;Chapaieka Anuhar;Daulat Bikram Bista;Bista, Daulat Bikram;दौलतविक्रम बिष्ट;9993329606;9789993329602;0;4,32;साझा प्रकाशन;Paperback;147;2012;;;2022/12/05;to-read;to-read (#130);to-read;;;;0;0
6828517;जोसमनी सन्त परम्परा र साहित्य ;Josamani Santa Parampara ra Sahitya;Janak Lal Sharma;Sharma, Janak Lal;जनकलाल शर्मा;;;0;4,00;साझा प्रकाशन;;;1995;;;2022/12/05;to-read;to-read (#131);to-read;;;;0;0
22594184;ल्याम्प पोस्टबाट खसेको जून ;Lamp-Postbata Khaseko Joon;Manu Manjil;Manjil, Manu;मनु मन्जिल;;9789937856331;0;3,94;Fineprint;Paperback;101;2011;2011;;2022/12/05;to-read;to-read (#128);to-read;;;;0;0
37810745;फूलानी ;Phulani;खगेन्द्र लामिछाने;लामिछाने, खगेन्द्र;Khagendra Lamichhane;;;0;3,28;Book Hill Publication;Paperback;186;2016;;;2022/12/05;to-read;to-read (#129);to-read;;;;0;0
15255997;अँगालोभरिको चोट ;Angalobhari ko Chot;Prakash Bharati;Bharati, Prakash;प्रकाश भारती;9993341231;9789993341239;0;0,0;साझा प्रकाशन;Paperback;171;;;;2022/12/05;to-read;to-read (#127);to-read;;;;0;0
37486266;कौतुकमय डोल्पो ;Kautukamaya Dolpo;Janak Lal Sharma;Sharma, Janak Lal;जनकलाल शर्मा;9993341568;9789993341567;0;4,67;साझा प्रकाशन;Paperback;249;;1974;;2022/12/05;to-read;to-read (#126);to-read;;;;0;0
43527328;मान्छेको रङ ;Manche ko Rang;Anbika Giri;Giri, Anbika;आन्विका गिरी;;9789937890076;0;4,15;Sangri-La Books;Paperback;378;2014;2015;;2022/12/05;to-read;to-read (#125);to-read;;;;0;0
57530135;कालचक्र ;Kaalchakra;Bakhat Bahadur Thapa;Thapa, Bakhat Bahadur;बखतबहादुर थापा;;9789993306832;0;2,00;रत्न पुस्तक भण्डार;Paperback;203;;;;2022/12/05;to-read;to-read (#124);to-read;;;;0;0
51791145;जनकलाल शर्माका संस्मरण ;Janak Lal Sharma ka Sansmaran;Janak Lal Sharma;Sharma, Janak Lal;जनकलाल शर्मा, Madhav Prasad Pokharel, Suman Dhakal;9993323047;;0;5,00;साझा प्रकाशन;Paperback;268;;;;2022/12/05;to-read;to-read (#123);to-read;;;;0;0
49865629;धुपी, सल्ला र लालीगुराँँसको फेदमा ;Dhupi, Salla Ra Laligurasko Fedma;Parijat;Parijat, Parijat;पारिजात;;9789937705219;0;4,20;Phoenix Books;Paperback;87;2017;;;2022/12/05;to-read;to-read (#122);to-read;;;;0;0
57522952;जङ्गेको डायरी ;Jungey ko Diary;Bakhat Bahadur Thapa;Thapa, Bakhat Bahadur;बखतबहादुर थापा;;9789937323444;0;1,00;साझा प्रकाशन;Paperback;226;;;;2022/12/05;to-read;to-read (#121);to-read;;;;0;0
42753459;जनरल भीमसेन थापा र तत्कालीन नेपाल ;General Bhimsen Thapa Ra Tatkalin Nepal;Chittaranjan Nepali;Nepali, Chittaranjan;चित्तरञ्जन नेपाली;9993304204;;0;3,75;रत्न पुस्तक भण्डार;Paperback;;;;;2022/12/05;to-read;to-read (#120);to-read;;;;0;0
43077381;हाम्रो समाज: एक अध्ययन ;Hamro Samaj: Ek Adhyayan;Janak Lal Sharma;Sharma, Janak Lal;जनकलाल शर्मा;;;0;4,70;साझा प्रकाशन;Paperback;437;;;;2022/12/05;to-read;to-read (#120);to-read;;;;0;0
54860894;कम्प्युटर आतङ्क ;Computer Aatanka;Bakhat Bahadur Thapa;Thapa, Bakhat Bahadur;बखतबहादुर थापा;;9789937322355;0;4,00;साझा प्रकाशन;Paperback;162;;;;2022/12/05;to-read;to-read (#119);to-read;;;;0;0
44143221;आगोका फूलहरू हुन् आगोका फूलहरू होइनन् ;Aagoka Phoolharu Hun Aagoka Phoolharu Hoinan;Ishwor Ballav;Ballav, Ishwor;ईश्वरवल्लभ;;9789937911313;0;3,86;Manjari Publication;Paperback;117;2017;;;2022/12/05;to-read;to-read (#117);to-read;;;;0;0
54459487;प्रतिनिधि कथाहरू ;Pratinidhi Kathaharu;Parashu Pradhan;Pradhan, Parashu;परशु प्रधान;9993322504;;0;0,0;साझा प्रकाशन;Paperback;156;;;;2022/12/05;to-read;to-read (#118);to-read;;;;0;0
50899933;त्यस बखतको नेपाल ;Tyas Bakhat ko Nepal;Sardar Bhim Bahadur Pande;Pande, Sardar Bhim Bahadur;सरदार भीमबहादुर पांडे;;9789937705455;0;3,94;Phoenix Books;Paperback;;;;;2022/12/05;to-read;to-read (#116);to-read;;;;0;0
42440024;प्रतिनिधि कथा ;Pratinidhi Katha;Indra Bahadur Rai;Rai, Indra Bahadur;इन्द्रबहादुर राई;;;0;4,00;Sangri-La Books;Paperback;157;2011;2011;;2022/12/05;to-read;to-read (#115);to-read;;;;0;0
18103187;अविरल बग्दछ इन्द्रावती ;Abiral Bagdachha Indrawati;Ramesh Vikal;Vikal, Ramesh;रमेश विकल;9993320110;9789993320111;0;4,13;साझा प्रकाशन;Paperback;248;2007;;;2022/12/05;to-read;to-read (#114);to-read;;;;0;0
36694755;Yes I Can;;Punya Prasad Prasai;Prasai, Punya Prasad;;;;0;4,71;Dikura Publication;Paperback;;;;;2022/12/05;to-read;to-read (#113);to-read;;;;0;0
59511362;रमिलानानी ;Ramila Nani;Bhuwan Hari Sigdel;Sigdel, Bhuwan Hari;;;;0;3,75;;Paperback;;;;;2022/12/05;to-read;to-read (#112);to-read;;;;0;0
43076710;विशुदाइ ;Bishudai;Kishor Pahadi;Pahadi, Kishor;किशोर पहाडी;9993341290;;0;4,00;साझा प्रकाशन;Paperback;96;;;;2022/12/05;to-read;to-read (#110);to-read;;;;0;0
43187169;जगदीश घिमिरेका प्रतिनिधि कथाहरू ;Jagadish Ghimire ka Pratinidhi Kathaharu;Jagadish Ghimire;Ghimire, Jagadish;Mahesh Prasain, जगदीश घिमिरे;;9789937723008;0;0,0;नेपाल प्रज्ञा–प्रतिष्ठान;Paperback;160;2017;2017;;2022/12/05;to-read;to-read (#111);to-read;;;;0;0
17403988;नरेन्द्र दाइ ;Narendra Dai;Bishweshwar Prasad Koirala;Koirala, Bishweshwar Prasad;विश्वेश्वरप्रसाद कोइराला;9993328413;9789993328414;0;3,96;साझा प्रकाशन;Paperback;64;2010;1969;;2022/12/05;to-read;to-read (#108);to-read;;;;0;0
36694767;Hajar Aashaharu;;Punya Prasad Prasai;Prasai, Punya Prasad;;;;0;4,00;Dikura Publication;Paperback;;;;;2022/12/05;to-read;to-read (#109);to-read;;;;0;0
54849029;आमोई ;Aamoi;Bhuwan Hari Sigdel;Sigdel, Bhuwan Hari;भुवनहरि सिग्देल;;9789937012553;0;4,33;Sangri~La Books;Paperback;280;;;;2022/12/05;to-read;to-read (#107);to-read;;;;0;0
18166253;गोधूलि संसार ;Godhuli Sansar;Shankar Lamichhane;Lamichhane, Shankar;शङ्कर लामिछाने;;9799993322343;0;3,97;साझा प्रकाशन ;Paperback;87;2002;1970;;2022/12/05;to-read;to-read (#105);to-read;;;;0;0
38004292;पारिजातका प्रतिनिधि कथाहरू ;Parijat ka Pratinidhi Kathaharu;Parijat;Parijat, Parijat;पारिजात;;9789937689540;0;3,80;नेपाल प्रज्ञा-प्रतिष्ठान;Paperback;96;2017;;;2022/12/05;to-read;to-read (#106);to-read;;;;0;0
18166228;सोताला ;Sotala;Dor Bahadur Bista;Bista, Dor Bahadur;डोरबहादुर विष्ट;;9789937826655;0;4,33;Himal Books;Paperback;145;2011;1976;;2022/12/05;to-read;to-read (#104);to-read;;;;0;0
36694792;आइमाई मान्छे ;Aaimai Manche;Punya Prasad Prasai;Prasai, Punya Prasad;;;;0;4,50;Dikura Publication;Paperback;;;;;2022/12/05;to-read;to-read (#103);to-read;;;;0;0
18490318;ताप ;Taap;Sharada Sharma;Sharma, Sharada;शारदा शर्मा;;9789937863117;0;3,38;Sangri~la Books;Paperback;325;2013;2013;;2022/12/05;to-read;to-read (#102);to-read;;;;0;0
54848840;जदौ मालिक ;Jadau Malik;Bhuwan Hari Sigdel;Sigdel, Bhuwan Hari;भुवनहरि सिग्देल;;9789937625791;0;3,71;भुँडीपुराण प्रकाशन;Paperback;275;;;;2022/12/05;to-read;to-read (#101);to-read;;;;0;0
45081290;नेपाली संंक्षिप्त भारत ;Nepali Sanchhipta Bharat;Chakrapani Chalise;Chalise, Chakrapani;चक्रपाणि चालिसे, Lekhnath Paudyal, लेखनाथ पौड्याल;;;0;4,25;Manjari Publication;Paperback;511;;;;2022/12/05;to-read;to-read (#100);to-read;;;;0;0
54360582;आरोहण ;Aarohan;Matsyendra Pradhan;Pradhan, Matsyendra;मत्स्येन्द्र प्रधान;;9789937708623;0;4,00;Sangrila Books;Paperback;436;;;;2022/12/05;to-read;to-read (#99);to-read;;;;0;0
44102265;नेपालदेखि अमेरिकासम्म ;Nepal Dekhi America Samma;Taranath Sharma;Sharma, Taranath;तारानाथ शर्मा;;;0;3,25;Manjari Publication;Paperback;352;2019;;;2022/12/05;to-read;to-read (#98);to-read;;;;0;0
35280946;चीरहरण ;Cheerharan;Neelam Karki Niharika;Niharika, Neelam Karki;नीलम कार्की निहारिका;9937905370;9789937905374;0;3,92;सांग्रिला पुस्तक;Paperback;526;2016;;;2022/12/05;to-read;to-read (#96);to-read;;;;0;0
36694840;Khana Khanu Bhayo?: Hamra Bhansabare Bazarka Bhram;;Aruna Upreti;Upreti, Aruna;Laxman Adhikari;;9789937909068;0;4,00;Publication Nepalaya;Paperback;209;2017;;;2022/12/05;to-read;to-read (#97);to-read;;;;0;0
51784139;नीलकण्ठ ;Nilkantha;Matsyendra Pradhan;Pradhan, Matsyendra;मत्स्येन्द्र प्रधान;;9789937708500;0;4,50;Sangrila Books;Paperback;389;;;;2022/12/05;to-read;to-read (#95);to-read;;;;0;0
36694895;Nava Safalta Sastra - 1;;Yogi Vikashananda;Vikashananda, Yogi;;9789937532;;0;4,00;Reki Yog Publication;Paperback;184;;;;2022/12/05;to-read;to-read (#94);to-read;;;;0;0
35223198;हरि बहादुर ;Hari Bahadur;Hari Bansha Acharya;Acharya, Hari Bansha;हरिवंश आचार्य;9937665183;9789937665186;0;3,81;Fineprint Book;Paperback;261;2017;2017;;2022/12/05;to-read;to-read (#93);to-read;;;;0;0
53647004;मौन स्वीकृत ;Maun Swikriti;Padmavati Singh;Singh, Padmavati;पद्मावती सिंह;;9789993307228;0;0,0;रत्न पुस्तक भण्डार;Paperback;140;;;;2022/12/05;to-read;to-read (#92);to-read;;;;0;0
42089733;मन ;Mann;Leeladhwaj Thapa;Thapa, Leeladhwaj;लीलाध्वज थापा;;9789937321167;0;4,00;साझा प्रकाशन;Paperback;244;;1957;;2022/12/05;to-read;to-read (#91);to-read;;;;0;0
31415830;Himalayan Kidnap (Alex and James Wildlife Adventure #1);;Jane Wilson-Howarth;Wilson-Howarth, Jane;Betty Levene;1632331004;9781632331274;0;4,71;Eifrig Publishing;Paperback;176;2016;;;2022/12/05;to-read;to-read (#90);to-read;;;;0;0
23879808;उर्गेनको घोडा ;Urgenko Ghoda;Yug Pathak;Pathak, Yug;युग पाठक;;9789937866606;0;3,90;Fine Print;Paperback;269;2009;2009;;2022/12/05;to-read;to-read (#89);to-read;;;;0;0
30068739;सल्लीपिर ;Sallipir;Nayan Raj Pandey;Pandey, Nayan Raj;नयनराज पाण्डे;;9789937665094;0;3,59;FinePrint;Paperback;229;2016;2016;;2022/12/05;to-read;to-read (#88);to-read;;;;0;0
53045207;अपराजिता : पारिजातका चिठीहरू ;Aparajita : Parijat ka Chitthiharu;Parijat;Parijat, Parijat;Sukanya Waiba, पारिजात, सुकन्या वाइवा;;9789937921763;0;2,25;Book Hill;Paperback;137;;;;2022/12/05;to-read;to-read (#87);to-read;;;;0;0
36313211;Rajgaj;;Hari Bahadur Thapa;Thapa, Hari Bahadur;;;9789937665254;0;3,73;FinePrint;Paperback;354;2017;;;2022/12/05;to-read;to-read (#86);to-read;;;;0;0
53646640;पद्मावती सिंहका प्रतिनिधि कथाहरू ;Padmavati Singh ka Pratinidhi Kathaharu;Padmavati Singh;Singh, Padmavati;पद्मावती सिंह;;9789937332231;0;0,0;रत्न पुस्तक भण्डार;Paperback;194;;;;2022/12/05;to-read;to-read (#85);to-read;;;;0;0
49657246;आँखीझ्याल ;Aakhi Jhyal;Poshan Pandey;Pandey, Poshan;पोषण पाण्डे;;9789993325932;0;3,25;साझा प्रकाशन;Paperback;78;;;;2022/12/05;to-read;to-read (#84);to-read;;;;0;0
46137189;बेलाइततिर बरालिँदा ;Belaet Tira Baralida;Taranath Sharma;Sharma, Taranath;तारानाथ शर्मा;9993340642;9789993340645;0;4,00;साझा प्रकाशन;Paperback;161;;1970;;2022/12/05;to-read;to-read (#83);to-read;;;;0;0
35922349;Dreams from Nepal: The Emotional Story of a Twelve-Year-Old Nepali Boy;;Bikul Koirala;Koirala, Bikul;;;;0;3,42;;Kindle Edition;165;2017;;;2022/12/05;to-read;to-read (#82);to-read;;;;0;0
36150375;Chasing the Tiger (Alex and James Wildlife Adventure #2);;Jane Wilson-Howarth;Wilson-Howarth, Jane;Betty Levene;;9781632331038;0;5,00;Eifrig;Paperback;216;2017;;;2022/12/05;to-read;to-read (#81);to-read;;;;0;0
31800136;क्रान्ति ;Kranti;Sudip Aryal;Aryal, Sudip;;;;0;3,25;निर्वाणा पब्लिकेसन;;;;;;2022/12/05;to-read;to-read (#80);to-read;;;;0;0
31822907;भत्किँदै किल्लाहरू ;Bhatkidai Killaharu;Deen Bandhu Sharma;Sharma, Deen Bandhu;;9937659329;9789937659321;0;5,00;Symphony Publication;Paperback;;2015;;;2022/12/05;to-read;to-read (#78);to-read;;;;0;0
21903518;दरबारको बाहिरकी महारानी ;Darbar Bahiraki Maharani;Nagendra Neupane;Neupane, Nagendra;;;;0;3,91;B.N. Prakashan;Paperback;;;2007;;2022/12/05;to-read;to-read (#79);to-read;;;;0;0
27151714;Porridge Eaters and Gruel Drinkers: A Nepali Poetry Collection;;Santosh Lamichhane;Lamichhane, Santosh;;9937299837;9789937299831;0;4,00;Janamat Prakashan, Kavre, Nepal;Paperback;124;2015;2015;;2022/12/05;to-read;to-read (#77);to-read;;;;0;0
20762337;घामका पाइलाहरू ;Ghamka Pailaharu;Dhanush Chandra Gautam;Gautam, Dhanush Chandra;ध.च. गोतामे;9937320917;9789937320917;0;4,01;साझा प्रकाशन;Paperback;268;2014;1979;;2022/12/05;to-read;to-read (#76);to-read;;;;0;0
25695248;उर्वशी ;Urvashi;Siddhicharan Shrestha;Shrestha, Siddhicharan;सिद्धिचरण श्रेष्ठ;;;0;4,25;साझा प्रकाशन;;;;;;2022/12/05;to-read;to-read (#75);to-read;;;;0;0
18166246;तरुण तपसी ;Tarun Tapasi;Lekhnath Paudyal;Paudyal, Lekhnath;लेखनाथ पौड्याल;;9789993327554;0;4,10;Sajha Prakashan;Paperback;120;2009;2009;;2022/12/05;to-read;to-read (#74);to-read;;;;0;0
53863438;हस्पिस ;Haspis;Bindya Subba;Subba, Bindya;;;9789937708616;0;4,00;Sangrila Books;Paperback;168;;;;2022/12/05;to-read;to-read (#73);to-read;;;;0;0
24821482;पानीको घाम ;Paniko Gham;Amar Neupane;Neupane, Amar;अमर न्यौपाने;;9789937856362;0;3,69;Fine Print;Paperback;286;2013;2013;;2022/12/05;to-read;to-read (#72);to-read;;;;0;0
694226;गोदान ;Godaan;Munshi Premchand;Premchand, Munshi;मुंशी प्रेमचंद;8172242190;9788172242190;0;4,38;Jaico Publishing House;Paperback;352;2002;1936;;2022/12/05;to-read;to-read (#70);to-read;;;;0;0
51559682;राष्ट्रभाषा ;Rastra Bhasa;Bal Krishna Pokharel;Pokharel, Bal Krishna;बालकृष्ण पोखरेल;;;0;5,00;साझा प्रकाशन;;;;;;2022/12/05;to-read;to-read (#71);to-read;;;;0;0
14740166;एक्काइसौँ शताब्दीकी सुम्निमा ;Ekkaishaun Shatabdiki Sumnima;Pradeep Nepal;Nepal, Pradeep;प्रदीप नेपाल;;9789993326779;0;2,29;साझा प्रकाशन;Paperback;119;2009;2009;;2022/12/05;to-read;to-read (#69);to-read;;;;0;0
18166179;अलिखित ;Alikhit;Dhruba Chandra Gautam;Gautam, Dhruba Chandra;ध्रुवचन्द्र गौतम;9993329169;9789993329169;0;4,08;साझा प्रकाशन;Paperback;242;2010;1983;;2022/12/05;to-read;to-read (#68);to-read;;;;0;0
18401319;कट्टेल सरको चोटपटक ;Kattel Sir Ko Chotpatak;Dhruba Chandra Gautam;Gautam, Dhruba Chandra;ध्रुवचन्द्र गौतम;;;0;3,68;साझा प्रकाशन;Paperback;208;1980;1980;;2022/12/05;to-read;to-read (#66);to-read;;;;0;0
18166218;दोषी चश्मा ;Doshi Chashma;Bishweshwar Prasad Koirala;Koirala, Bishweshwar Prasad;विश्वेश्वरप्रसाद कोइराला;9993327506;9789993327509;0;4,01;साझा प्रकाशन;Paperback;103;2009;1949;;2022/12/05;to-read;to-read (#67);to-read;;;;0;0
18206105;नासाे ;Naso;Guru Prasad Mainali;Mainali, Guru Prasad;गुरूप्रसाद मैनाली;9937321891;9789937321891;0;3,91;Sajha Prakashan;Paperback;125;2012;;;2022/12/05;to-read;to-read (#65);to-read;;;;0;0
23635642;अक्षरगन्ज ;Aksharganj;Kumar Nagarkoti;Nagarkoti, Kumar;;;9789937890038;0;3,72;Sangri-La;Paperback;297;2014;2014;;2022/12/05;to-read;to-read (#64);to-read;;;;0;0
18166195;वसन्ती ;Basanti;Diamond Shumsher Rana;Rana, Diamond Shumsher;डायमनशमशेर राणा;9993302104;9789993302100;0;3,71;Ratna Pustak Bhandar;Paperback;184;2013;2011;;2022/12/05;to-read;to-read (#63);to-read;;;;0;0
17185825;पाण्डुलिपि ;Pandulipi;Krishna Dharabasi;Dharabasi, Krishna;कृष्ण धरावासी;;9789937855822;0;3,44;Akshar Creation;Paperback;358;;;;2022/12/05;to-read;to-read (#62);to-read;;;;0;0
18620466;मलाया एक्सप्रेस ;Malaya Express;Akhanda Bhandari;Bhandari, Akhanda;अखण्ड भण्डारी;;9789937858496;0;3,47;Yamburi Book Point;Paperback;294;2013;2013;;2022/12/05;to-read;to-read (#61);to-read;;;;0;0
23158659;पुष्कर शाह: संसारलाई साढे पाँच फन्को ;Sansarlai Sadhe Panch Phanko;Pushkar Shah;Shah, Pushkar;Bhupendra Khadka;;9789937878989;0;3,69;Book-Hill Publication;Paperback;398;2014;2014;;2022/12/05;to-read;to-read (#60);to-read;;;;0;0
10579807;मयूर टाइम्स ;Mayur Times;Narayan Wagle;Wagle, Narayan;नारायण वाग्ले;9937829003;9789937829007;0;3,08;Nepalaya;Paperback;231;2010;2010;;2022/12/05;to-read;to-read (#59);to-read;;;;0;0
55386032;महारानी ;Maharani;Chandra Prakash Baniya;Baniya, Chandra Prakash;चन्द्रप्रकाश बानियाँ;9937934451;9789937934459;0;3,98;शिखा बुक्स;Paperback;366;2019;2019;;2022/12/05;to-read;to-read (#58);to-read;;;;0;0
13722795;यो जिन्दगी खै के जिन्दगी ;Yo Jindagi Khai K Jindagi;Hari Bhakta Katuwal;Katuwal, Hari Bhakta;हरिभक्त कटुवाल;9993306045;9789993306047;0;4,00;Ratna Pustak Bhandar;Paperback;70;2007;2007;;2022/12/05;to-read;to-read (#57);to-read;;;;0;0
15255843;Atmabrittanta: Late Life Recollections;;Bishweshwar Prasad Koirala;Koirala, Bishweshwar Prasad;Kanak Mani Dixit;9993313084;9789993313083;0;4,09;Himal Books;Hardcover;304;2001;1998;;2022/12/05;to-read;to-read (#56);to-read;;;;0;0
17980857;गेस्टापो ;Gestapo;Krishna Dharabasi;Dharabasi, Krishna;कृष्ण धरावासी;;9789937541251;0;3,85;Pairavi Book House;Paperback;307;2013;2013;;2022/12/05;to-read;to-read (#55);to-read;;;;0;0
10833517;गाैरी ;Gauri;Madhav Prasad Ghimire;Ghimire, Madhav Prasad;माधव घिमिरे;9993320501;9789993320500;0;4,12;साझा प्रकाशन;Paperback;33;2004;1958;;2022/12/05;to-read;to-read (#53);to-read;;;;0;0
18375119;बाबु, आमा र छोरा ;Babu, Aama ra Chora;Bishweshwar Prasad Koirala;Koirala, Bishweshwar Prasad;विश्वेश्वरप्रसाद कोइराला;9993328995;9789993328995;0;3,94;साझा प्रकाशन;Paperback;71;2010;1989;;2022/12/05;to-read;to-read (#54);to-read;;;;0;0
44912914;फातसुङ ;Fathsunga;Chuden Kabimo;Kabimo, Chuden;छुदेन काविमो;;9789937665629;0;3,74;FinePrint;Paperback;150;2019;2019;;2022/12/05;to-read;to-read (#52);to-read;;;;0;0
18187546;गौँथलीको गुँड ;Gounthaliko Gund;Shankar Lamichhane;Lamichhane, Shankar;शङ्कर लामिछाने;;;0;4,31;पैरवी बुक हाउस;Paperback;129;;;;2022/12/05;to-read;to-read (#51);to-read;;;;0;0
18626383;फोसिल ;Fossil;Kumar Nagarkoti;Nagarkoti, Kumar;कुमार नगरकोटी;9937874025;9789937874021;0;3,50;Publication Nepalaya;Paperback;231;2013;2013;;2022/12/05;to-read;to-read (#50);to-read;;;;0;0
43461052;अनिदो पहाड संगै ;Anido Pahad Sangai;Parijat;Parijat, Parijat;पारिजात;;;0;3,54;;Paperback;;;;;2022/12/05;to-read;to-read (#48);to-read;;;;0;0
17621406;रक्तकुण्ड ;Raktakunda;Krishna Abiral;Abiral, Krishna;कृष्ण अविरल;9994621017;;0;3,42;Dubo Prakashan;Paperback;140;2006;;;2022/12/05;to-read;to-read (#49);to-read;;;;0;0
36694936;Super Learning - 3;;Yogi Vikashananda;Vikashananda, Yogi;Deepak Nepal;9789937263;;0;3,83;Reki Yog Publication;Paperback;143;2013;;;2022/12/05;to-read;to-read (#47);to-read;;;;0;0
35692717;विचार विज्ञान ;Bichar Bigyan;Khaptad Baba;Baba, Khaptad;;;;0;4,36;खप्तड आश्रम प्रकाशन समिति;Paperback;107;;;;2022/12/05;to-read;to-read (#46);to-read;;;;0;0
13722783;मोदिआइन ;Modiaain;Bishweshwar Prasad Koirala;Koirala, Bishweshwar Prasad;विश्वेश्वरप्रसाद कोइराला;9993325988;9789993325987;0;3,87;साझा प्रकाशन;Paperback;42;2008;1980;;2022/12/05;to-read;to-read (#44);to-read;;;;0;0
23247356;खलंगामा हमला ;Khalangama Hamala;Radha Paudel;Paudel, Radha;राधा पौडेल;9937874009;9789937874007;0;3,76;Publication Nepalaya;Paperback;135;2013;2013;;2022/12/05;to-read;to-read (#45);to-read;;;;0;0
17704870;यायावर ;Yayavar;Brazesh;Brazesh, Brazesh;;;9789937857628;0;3,16;Orchid Books;Paperback;209;2013;2013;;2022/12/05;to-read;to-read (#43);to-read;;;;0;0
18369683;कारागार ;Karagar;Banira Giri;Giri, Banira;वानीरा गिरि;;;0;3,68;;;;1985;1985;;2022/12/05;to-read;to-read (#42);to-read;;;;0;0
22886691;Muglan;;Govinda Raj Bhattarai;Bhattarai, Govinda Raj;;;9789937858236;0;4,17;Oriental Publication House Pvt. Ltd, Nepal;Paperback;194;2012;2012;;2022/12/05;to-read;to-read (#41);to-read;;;;0;0
15548357;पागल बस्ती ;Pagal Basti;Saru Bhakta;Bhakta, Saru;सरुभक्त;9937320909;9789937320900;0;3,88;साझा प्रकाशन;Paperback;243;2011;1991;;2022/12/05;to-read;to-read (#40);to-read;;;;0;0
17203652;सकस ;Sakas;Jagadish Ghimire;Ghimire, Jagadish;जगदीश घिमिरे;993725289X;9789937252898;0;3,97;जगदीश घिमिरे प्रतिष्ठान ;Paperback;306;2012;2012;;2022/12/05;to-read;to-read (#39);to-read;;;;0;0
31738593;खोलाको गीत ;Kholako Geet;Upendra Subba;Subba, Upendra;उपेन्द्र सुब्बा;9937867266;9789937867269;0;3,93;Phoenix Books;Hardcover;102;2013;2013;;2022/12/05;to-read;to-read (#37);to-read;;;;0;0
17700397;Binod Chaudhary: An Autobiography;;Binod Chaudhary;Chaudhary, Binod;Sudeep Shrestha;;;0;3,66;Publication Nepalaya;Paperback;327;2013;2013;;2022/12/05;to-read;to-read (#38);to-read;;;;0;0
13722755;सुम्निमा ;Sumnima;Bishweshwar Prasad Koirala;Koirala, Bishweshwar Prasad;विश्वेश्वरप्रसाद कोइराला;999332812X;9789993328124;0;4,11;साझा प्रकाशन;Paperback;94;2010;1969;;2022/12/05;to-read;to-read (#36);to-read;;;;0;0
18484931;घामकिरी ;Ghamkiri;Nayan Raj Pandey;Pandey, Nayan Raj;नयनराज पाण्डे;;9789937853866;0;3,31;Sangrila Book;Paperback;299;2013;2013;;2022/12/05;to-read;to-read (#34);to-read;;;;0;0
23794270;एक चिहान ;Ek Chihan;Hridaya Chandra Singh Pradhan;Pradhan, Hridaya Chandra Singh;हृदयचन्द्रसिंह प्रधान;;9789993329046;0;3,51;साझा प्रकाशन;Paperback;107;;;;2022/12/05;to-read;to-read (#35);to-read;;;;0;0
31538228;ऐना ;Aina;Ramlal Joshi;Joshi, Ramlal;रामलाल जोशी;9937891663;9789937891660;0;3,53;Brother Books;Paperback;255;2016;;;2022/12/05;to-read;to-read (#33);to-read;;;;0;0
32284255;मनसुन ;Monsoon;Subin Bhattarai;Bhattarai, Subin;सुबिन भट्टराई;;9789937665162;0;3,55;Fine Print;Paperback;254;2016;2016;;2022/12/05;to-read;to-read (#32);to-read;;;;0;0
18166183;आमाको सपना ;Aamako Sapana;Gopal Prasad Rimal;Rimal, Gopal Prasad;गोपालप्रसाद रिमाल;;9789937322690;0;3,77;साझा प्रकाशन;Paperback;75;;1962;;2022/12/05;to-read;to-read (#30);to-read;;;;0;0
28681432;फिरफिरे ;Phirphire;Buddhisagar;Buddhisagar, Buddhisagar;;;9789937665018;0;4,17;फाइनप्रिन्ट बुक्स ;Paperback;544;2015;2015;;2022/12/05;to-read;to-read (#31);to-read;;;;0;0
13722734;फूलको आँखामा ;Phoolko Aankhaama;Ani Choying Drolma;Drolma, Ani Choying;;;;0;3,92;Publication Nepalaya;Paperback;274;2011;2008;;2022/12/05;to-read;to-read (#29);to-read;;;;0;0
20295652;कथाकी पात्र ;Kathaki Patra;Subin Bhattarai;Bhattarai, Subin;सुबिन भट्टराई;;9789937874557;0;3,86;FinePrint;Paperback;240;2013;2010;;2022/12/05;to-read;to-read (#28);to-read;;;;0;0
25860177;लाटो पहाड ;Lato Pahad;Upendra Subba;Subba, Upendra;उपेन्द्र सुब्बा;9937294258;9789937294256;0;3,94;Phoenix Books;Paperback;222;2015;2015;;2022/12/05;to-read;to-read (#27);to-read;;;;0;0
20895153;तुइन ;Tuin;Suresh Pranjali;Pranjali, Suresh;;;;0;3,75;FinePrint;Paperback;227;2013;2013;;2022/12/05;to-read;to-read (#26);to-read;;;;0;0
13445123;एब्स्ट्राक्ट चिन्तन: प्याज ;Abstract Chintan: Pyaj;Shankar Lamichhane;Lamichhane, Shankar;शङ्कर लामिछाने;9993326739;9789993326731;0;4,32;Sajha Prakashan;Paperback;52;2008;1967;;2022/12/05;to-read;to-read (#25);to-read;;;;0;0
22023444;That's My Love Story;;Santosh Kalwar;Kalwar, Santosh;;9350880601;9789350880609;0;4,16;Mahaveer Publishers;Paperback;184;2014;2014;;2022/12/05;to-read;to-read (#24);to-read;;;;0;0
10583381;उलार ;Ular;Nayan Raj Pandey;Pandey, Nayan Raj;नयनराज पाण्डे;;9789937804639;0;4,12;Fine Print Books;Paperback;93;2012;2012;;2022/12/05;to-read;to-read (#23);to-read;;;;0;0
18215326;बसाइँ ;Basain;Lil Bahadur Chettri;Chettri, Lil Bahadur;लील बहादुर क्षेत्री;;9789993328964;0;3,81;साझा प्रकाशन;Paperback;62;;1957;;2022/12/05;to-read;to-read (#22);to-read;;;;0;0
15726513;अन्तर्मनको यात्रा ;Antarmanko Yatra;Jagadish Ghimire;Ghimire, Jagadish;जगदीश घिमिरे;9937204232;9789937204231;0;3,92;जगदीश घिमिरे प्रतिष्ठान;Paperback;239;2008;2008;;2022/12/05;to-read;to-read (#21);to-read;;;;0;0
18579886;Prayogshaala;;Sudheer Sharma;Sharma, Sudheer;;;9789937878913;0;4,03;Fine Print;Hardcover;418;2013;2013;;2022/12/05;to-read;to-read (#20);to-read;;;;0;0
1911404;मुनामदन ;Muna Madan;Laxmi Prasad Devkota;Devkota, Laxmi Prasad;लक्ष्मीप्रसाद देवकोटा;9789993326;;0;4,33;साझा प्रकाशन ;Paperback;40;2007;1936;;2022/12/05;to-read;to-read (#19);to-read;;;;0;0
13722772;तीन घुम्ती ;Teen Ghumti;Bishweshwar Prasad Koirala;Koirala, Bishweshwar Prasad;विश्वेश्वरप्रसाद कोइराला;9993328944;9789993328940;0;3,99;साझा प्रकाशन;Paperback;74;2010;1968;;2022/12/05;to-read;to-read (#18);to-read;;;;0;0
18525447;दमिनी भीर ;Damini Bheer;Rajan Mukarung;Mukarung, Rajan;राजन मुकारुङ;9937867215;9789937867214;0;3,71;Phoenix Books;Paperback;290;2013;2012;;2022/12/05;to-read;to-read (#17);to-read;;;;0;0
13551278;शिरीषको फूल ;Shiris Ko Phool;Parijat;Parijat, Parijat;पारिजात;9993340995;9789993340997;0;4,15;साझा प्रकाशन;Paperback;65;;1965;;2022/12/05;to-read;to-read (#15);to-read;;;;0;0
13445136;राधा ;Radha;Krishna Dharabasi;Dharabasi, Krishna;कृष्ण धरावासी;9993329053;9789993329053;0;4,19;साझा प्रकाशन;Paperback;262;;2005;;2022/12/05;to-read;to-read (#16);to-read;;;;0;0
13722708;लू ;Lu;Nayan Raj Pandey;Pandey, Nayan Raj;नयनराज पाण्डे;;9789937853828;0;4,15;Sangri-la Books;Paperback;256;2012;2012;;2022/12/05;to-read;to-read (#14);to-read;;;;0;0
14625359;सोच- एउटा आत्मविश्वास ;Soch - euta aatmabishwas;Karna Shakya;Shakya, Karna;;;;0;3,63;Ratna Pustak Bhandar;Paperback;303;2004;2004;;2022/12/05;to-read;to-read (#12);to-read;;;;0;0
14060130;घुम्ने मेचमाथि अन्धो मान्छे ;Ghumne Mech Mathi Andho Manche;Bhupi Sherchan;Sherchan, Bhupi;भूपी शेरचन;;9789993326472;0;4,34;Sajha Prakashan;Paperback;88;2008;1969;;2022/12/05;to-read;to-read (#13);to-read;;;;0;0
21974963;झोला ;Jhola;Krishna Dharabasi;Dharabasi, Krishna;कृष्ण धरावासी;;9789993372585;0;4,22;पैरवी बुक हाउस;Paperback;68;2010;2010;;2022/12/05;to-read;to-read (#11);to-read;;;;0;0
23287393;Freedom to Die;;Nirmal Gyanwali;Gyanwali, Nirmal;;;9789937895507;0;3,78;Book Hill;Paperback;250;2015;2015;;2022/12/05;to-read;to-read (#10);to-read;;;;0;0
12057671;सेतो बाघ ;Seto Bagh;Diamond Shumsher Rana;Rana, Diamond Shumsher;डायमनशमशेर राणा;9993307815;9789993307815;0;4,01;रत्न पुस्तक भण्डार;Paperback;372;;1973;;2022/12/05;to-read;to-read (#9);to-read;;;;0;0
15726488;जीवन काँडा कि फूल ;Jiwan Kada ki Phool;Jhamak Ghimire;Ghimire, Jhamak;झमक घिमिरे;9937223474;9789937223478;0;3,89;झमक घिमिरे साहित्य प्रतिष्ठान;Paperback;250;2010;2010;;2022/12/05;to-read;to-read (#8);to-read;;;;0;0
22889351;साया ;Saya;Subin Bhattarai;Bhattarai, Subin;सुबिन भट्टराई;;9789937887779;0;3,50;FinePrint;Paperback;227;2014;2014;;2022/12/05;to-read;to-read (#7);to-read;;;;0;0
17878202;चिना हराएको मान्छे ;China Harayeko Manchhe;Hari Bansha Acharya;Acharya, Hari Bansha;हरिवंश आचार्य;9937866642;9789937866644;0;3,93;FinePrint;Paperback;294;2013;2013;;2022/12/05;to-read;to-read (#6);to-read;;;;0;0
4923850;Palpasa Café;;Narayan Wagle;Wagle, Narayan;;;;0;3,95;Publication Nepalaya;Paperback;240;2008;2005;;2022/12/05;to-read;to-read (#5);to-read;;;;0;0
23125314;खुसी ;Khusi;Vijay Kumar Panday;Panday, Vijay Kumar;विजय कुमार पाण्डे;;9789937887762;0;3,65;FinePrint;Paperback;332;2014;2014;;2022/12/05;to-read;to-read (#4);to-read;;;;0;0
16125800;सेतो धरती ;Seto Dharati;Amar Neupane;Neupane, Amar;अमर न्यौपाने;9937856345;9789937856348;0;4,14;FinePrint;Paperback;380;2012;2012;;2022/12/05;to-read;to-read (#3);to-read;;;;0;0
17371265;समर लभ ;Summer Love;Subin Bhattarai;Bhattarai, Subin;सुबिन भट्टराई, Pratima Sharma;;9789937856386;0;3,80;FinePrint;Paperback;247;2013;2013;;2022/12/05;to-read;to-read (#2);to-read;;;;0;0
10579909;कर्नाली ब्लुज ;Karnali Blues;Buddhisagar;Buddhisagar, Buddhisagar;बुद्धिसागर;;9789937827935;0;4,19;FinePrint ;Paperback;384;2010;2010;;2022/12/05;to-read;to-read (#1);to-read;;;;0;0
55888020;सडकदेखि सडकसम्म ;Sadak Dekhi Sadak Samma;Ashesh Malla;Malla, Ashesh;अशेष मल्ल;;;0;0,0;साझा प्रकाशन;Paperback;86;;;;2022/12/05;to-read;to-read (#105);to-read;;;;0;0
42978414;लालित्य भाग १ ;Lalitya Bhag 1;Lekhnath Paudyal;Paudyal, Lekhnath;लेखनाथ पौड्याल;;9789993329367;0;4,33;साझा प्रकाशन;Paperback;151;;1967;;2022/12/05;to-read;to-read (#106);to-read;;;;0;0
42634266;लेखनाथका प्रमुख कविता ;Lekhnath Ka Pramukh Kabita;Lekhnath Paudyal;Paudyal, Lekhnath;लेखनाथ पौड्याल, Basudev Tripathi, वासुदेव त्रिपाठी;9993324884;9789993324881;0;3,90;साझा प्रकाशन;Paperback;36;2006;1989;;2022/12/05;to-read;to-read (#104);to-read;;;;0;0
57908216;अर्धविराम ;Ardhaviram;Ashesh Malla;Malla, Ashesh;अशेष मल्ल;;;0;0,0;साझा प्रकाशन;Paperback;128;;;;2022/12/05;to-read;to-read (#103);to-read;;;;0;0
57916413;बिलाउँदै गएको गीत ;Bilaudai Gayeko Geet;Ganesh Rasik;Rasik, Ganesh;गणेश रसिक;;;0;4,00;साझा प्रकाशन;Paperback;88;;;;2022/12/05;to-read;to-read (#101);to-read;;;;0;0
41744896;बुद्धिविनोद ;Buddhibinod;Lekhnath Paudyal;Paudyal, Lekhnath;लेखनाथ पौड्याल;9937916208;9789937916202;0;4,60;Manjari Publication;Paperback;32;2016;;;2022/12/05;to-read;to-read (#102);to-read;;;;0;0
18166250;तेस्रो एकमुखे रुद्राक्षको खोजी ;Tesro Ekmukhe Rudrakshako Khoji;Bal Krishna Pokharel;Pokharel, Bal Krishna;बालकृष्ण पोखरेल;9993325031;;0;4,00;साझा प्रकाशन;;;;;;2022/12/05;to-read;to-read (#99);to-read;;;;0;0
14060139;ऋतुविचार ;Ritu Bichar;Lekhnath Paudyal;Paudyal, Lekhnath;लेखनाथ पौड्याल;;9789993327103;0;3,92;Sajha Prakashan;Paperback;97;2008;1916;;2022/12/05;to-read;to-read (#100);to-read;;;;0;0
53422025;सोधाइ र जवाफ ;Sodhai ra Jawaf;Bal Krishna Pokharel;Pokharel, Bal Krishna;बालकृष्ण पोखरेल;;;0;0,0;साझा प्रकाशन;Paperback;192;;;;2022/12/05;to-read;to-read (#98);to-read;;;;0;0
52686969;यदुनाथ खनाल: जीवनी र विचार [Yadunath Khanal: Jiwani ra Bichar;;Jayaraj Acharya;Acharya, Jayaraj;जयराज अचार्य;;9799993322374;0;4,00;साझा प्रकाशन;Paperback;333;;;;2022/12/05;to-read;to-read (#97);to-read;;;;0;0
52686047;दमनराज तुलाधर ;Damanraj Tuladhar;Damanraj Tuladhar;Tuladhar, Damanraj;दमनराज तुलाधर;;;0;3,71;बुक-हिल पब्लिकेसन;Paperback;278;;;;2022/12/05;to-read;to-read (#96);to-read;;;;0;0
43260959;सडक र प्रतिभा ;Sadak Ra Pratibha;Parijat;Parijat, Parijat;पारिजात;;9789993325772;0;3,91;साझा प्रकाशन;Paperback;70;;;;2022/12/05;to-read;to-read (#94);to-read;;;;0;0
18166248;पाँच सय वर्ष ;Panch Saya Barsha;Bal Krishna Pokharel;Pokharel, Bal Krishna;बालकृष्ण पोखरेल;;9789993324584;0;4,00;साझा प्रकाशन;;;;;;2022/12/05;to-read;to-read (#95);to-read;;;;0;0
42397477;नेपाली भाषा र साहित्य ;Nepali Bhasha ra Sahitya;Bal Krishna Pokharel;Pokharel, Bal Krishna;बालकृष्ण पोखरेल;;;0;4,00;रत्न पुस्तक भण्डार;Paperback;237;;;;2022/12/05;to-read;to-read (#93);to-read;;;;0;0
12889629;सम्झनाका कुइनेटाहरु ;Samjhanako Kuinetaharu;Khagendra Sangraula;Sangraula, Khagendra;;;9789994629503;0;3,67;Fine Print Books;Paperback;194;;;;2022/12/05;to-read;to-read (#91);to-read;;;;0;0
44782061;अन्नपूर्णाको भोज ;Annapurnako Bhoj;Manu Brajaki;Brajaki, Manu;मनु ब्राजाकी;;9789937875950;0;4,00;Sangrila Books;Paperback;298;;2014;;2022/12/05;to-read;to-read (#92);to-read;;;;0;0
42723926;खस जातिको इतिहास ;Khas Jatiko Itihas;Bal Krishna Pokharel;Pokharel, Bal Krishna;बालकृष्ण पोखरेल;9002824975;;0;3,67;उदात्त अनुसन्धान अड्डी;Paperback;751;1998;1998;;2022/12/05;to-read;to-read (#90);to-read;;;;0;0
38617648;वैकुण्ठ एक्सप्रेस ;Baikuntha Express;Mohanraj Sharma;Sharma, Mohanraj;मोहनराज शर्मा;;;0;4,25;साझा प्रकाशन;Paperback;90;;1985;;2022/12/05;to-read;to-read (#89);to-read;;;;0;0
22594198;सम्झनाका कुइनेटाहरु ;Samjhanaka Kuinetaharu;Khagendra Sangraula;Sangraula, Khagendra;;;9789937829503;0;3,67;Fineprint;Paperback;193;;;;2022/12/05;to-read;to-read (#88);to-read;;;;0;0
44310662;नेपाली संक्षिप्त रामायण ;Nepali Samchhipta Ramayana;Chakrapani Chalise;Chalise, Chakrapani;चक्रपाणि चालिसे;;9789937320153;0;4,00;साझा प्रकाशन;Paperback;117;;;;2022/12/05;to-read;to-read (#86);to-read;;;;0;0
61194911;अर्को भोर ;Arko Bhor;Keshav Raj Gnawali;Gnawali, Keshav Raj;केशवराज ज्ञवाली;;9789937751742;0;3,50;Shikha Books;Paperback;118;2021;;;2022/12/05;to-read;to-read (#87);to-read;;;;0;0
44419472;शर्मिष्ठा ;Shamistha;Subba Riddhi Bahadur Malla;Malla, Subba Riddhi Bahadur;सुब्बा ऋद्धिबहादुर मल्ल;;;0;0,0;साझा प्रकाशन;Paperback;84;;;;2022/12/05;to-read;to-read (#85);to-read;;;;0;0
20440391;ज्याक्सन हाइट ;Jackson Height;Mahesh Bikram Shah;Shah, Mahesh Bikram;महेशविक्रम शाह;;9789937866668;0;3,35;Fineprint;Paperback;216;2012;2012;;2022/12/05;to-read;to-read (#84);to-read;;;;0;0
57457441;रहर ;Rahar;Suresh Badal;Badal, Suresh;सुरेश बडाल;;9789937665957;0;3,44;FinePrint;Paperback;179;;;;2022/12/05;to-read;to-read (#83);to-read;;;;0;0
50766261;उत्तरोत्तर ;Uttarottar;Dhanush Chandra Gautam;Gautam, Dhanush Chandra;ध.च. गोतामे;9993357227;9789993357223;0;4,00;अनीश गौतम;Paperback;150;;;;2022/12/05;to-read;to-read (#82);to-read;;;;0;0
36623865;निर्वाण ;Nirwan;Ghanashyam Khadka;Khadka, Ghanashyam;घनश्याम खड्का;;9789937005821;0;3,63;Alchemy Publication;Paperback;279;;;;2022/12/05;to-read;to-read (#81);to-read;;;;0;0
25699820;जुकवर्ग क्याफे ;Juckerberg Cafe;Ashwini Koirala;Koirala, Ashwini;;;9789937895521;0;2,73;Book-Hill Publication;Paperback;213;2015;2015;;2022/12/05;to-read;to-read (#80);to-read;;;;0;0
43064163;संज्ञा सर्वनाम ;Sangya Sarwanam;Dhanush Chandra Gautam;Gautam, Dhanush Chandra;ध.च. गोतामे;;9789937705011;0;3,00;Phoenix Books;Paperback;166;2017;;;2022/12/05;to-read;to-read (#79);to-read;;;;0;0
52322702;स्वर्गीय हीरादेवीको खोज ;Swargiya Hiradevi ko Khoj;Dhruba Chandra Gautam;Gautam, Dhruba Chandra;ध्रुवचन्द्र गौतम;9993340057;;0;3,25;साझा प्रकाशन;Paperback;121;;;;2022/12/05;to-read;to-read (#77);to-read;;;;0;0
36357401;द्वन्द्वको अवसान ;Dwandako Awasan;Rajeshwar Devkota;Devkota, Rajeshwar;राजेश्वर देवकोटा;;9789993324980;0;3,57;साझा प्रकाशन;Paperback;79;;;;2022/12/05;to-read;to-read (#78);to-read;;;;0;0
25784059;वृषभ वध ;Brishav Vadh;Narayan Dhakal;Dhakal, Narayan;नारायण ढकाल;9937893135;9789937893138;0;3,42;FinePrint;Paperback;286;2015;2015;;2022/12/05;to-read;to-read (#75);to-read;;;;0;0
33803959;समानान्तर आकाश ;Samanantar Aakash;Padmavati Singh;Singh, Padmavati;पद्मावती सिंह;9993329177;9789993329176;0;3,19;साझा प्रकाशन;Paperback;179;2010;2005;;2022/12/05;to-read;to-read (#76);to-read;;;;0;0
36356103;कालान्तर ;Kalantar;Dhanush Chandra Gautam;Gautam, Dhanush Chandra;ध.च. गोतामे;;;0;3,67;नेपाल राजकीय प्रज्ञा प्रतिष्ठान;Paperback;;;;;2022/12/05;to-read;to-read (#74);to-read;;;;0;0
10833932;नेपाली शाकुन्तल ;Nepali Sakuntal;Laxmi Prasad Devkota;Devkota, Laxmi Prasad;लक्ष्मीप्रसाद देवकोटा;;9789993325185;0;3,94;साझा प्रकाशन;Paperback;371;;;;2022/12/05;to-read;to-read (#73);to-read;;;;0;0
33973118;आखेट ;Aakhet;Shiva Adhikari;Adhikari, Shiva;शिव अधिकारी;;;0;3,75;रत्न पुस्तक भण्डार;Audiobook;;;;;2022/12/05;to-read;to-read (#72);to-read;;;;0;0
44164052;उत्तरोत्तर ;Uttarottar;Dhanush Chandra Gautam;Gautam, Dhanush Chandra;ध.च. गोतामे;;9789937705059;0;4,00;Phoenix Books;Paperback;176;2017;;;2022/12/05;to-read;to-read (#71);to-read;;;;0;0
40933707;ब्रह्मपुत्रका छेउछाउ ;Brahmaputraka Cheuchau;Lil Bahadur Chettri;Chettri, Lil Bahadur;लील बहादुर क्षेत्री;999332941X;9789993329411;0;4,00;साझा प्रकाशन;Paperback;168;2016;1986;;2022/12/05;to-read;to-read (#70);to-read;;;;0;0
50404785;फालिएको सामान ;Falieko Saman;Tarini Prasad Koirala;Koirala, Tarini Prasad;तारिणीप्रसाद कोइराला;;;0;3,62;ओरिएन्टल पब्लिकेसन;;;;;;2022/12/05;to-read;to-read (#69);to-read;;;;0;0
54440225;प्रयोग प्रत्यारोपण ;Prayog Pratyayopan;Vijaya Chalise;Chalise, Vijaya;विजय चालिसे;;;0;0,0;साझा प्रकाशन;Paperback;71;;;;2022/12/05;to-read;to-read (#68);to-read;;;;0;0
22707525;भुइँफुलको देश ;Bhuiphulko Desh;Sharada Sharma;Sharma, Sharada;शारदा शर्मा;;9789937825085;0;3,25;Sangri-La;Paperback;256;2011;2011;;2022/12/05;to-read;to-read (#66);to-read;;;;0;0
44428475;म भात जोरूँ कि कविता लेखूँ ;Ma Bhat Joru Ki Kavita Lekhu;Bishwabimohan Shrestha;Shrestha, Bishwabimohan;विश्वविमोहन श्रेष्ठ;;9789937323789;0;5,00;साझा प्रकाशन;Paperback;94;;1987;;2022/12/05;to-read;to-read (#67);to-read;;;;0;0
57985146;अप्रिलको बेलायत ;April ko Belayat;Vijaya Chalise;Chalise, Vijaya;विजय चालिसे;;;0;0,0;साझा प्रकाशन;;;;;;2022/12/05;to-read;to-read (#65);to-read;;;;0;0
49696023;तारिणीका कथा ;Tarini ka Katha;Tarini Prasad Koirala;Koirala, Tarini Prasad;तारिणीप्रसाद कोइराला;;9789937593014;0;4,00;ओरिएन्टल पब्लिकेसन;Paperback;224;;;;2022/12/05;to-read;to-read (#64);to-read;;;;0;0
15989167;मानव ;Manav;Modnath Prashrit;Prashrit, Modnath;मोदनाथ प्रश्रित;;;0;3,73;Lumbini Publishers;Paperback;256;1991;1967;;2022/12/05;to-read;to-read (#62);to-read;;;;0;0
44403709;किन्नरकिन्नरी ;Kinnar Kinnari;Madhav Prasad Ghimire;Ghimire, Madhav Prasad;माधव घिमिरे;;;0;3,67;साझा प्रकाशन;Paperback;;;;;2022/12/05;to-read;to-read (#63);to-read;;;;0;0
54361068;नरकको ढोका ;Narak ko Dhoka;Narayan Dhakal;Dhakal, Narayan;नारायण ढकाल;;9789937051729;0;0,0;Gyanjyoti Books Publication;Paperback;64;;;;2022/12/05;to-read;to-read (#61);to-read;;;;0;0
25680791;अग्निवाटिका ;Agni Waatika;Tarini Prasad Koirala;Koirala, Tarini Prasad;तारिणीप्रसाद कोइराला;9937850053;9789937850056;0;3,17;ओरिएन्टल पब्लिकेसन;Paperback;236;2011;2011;;2022/12/05;to-read;to-read (#60);to-read;;;;0;0
44325645;तपन ;Tapan;Sarad Paudel;Paudel, Sarad;शरद पौडेल;;9789937910460;0;4,00;Sangrila Books;Paperback;419;2017;2017;;2022/12/05;to-read;to-read (#59);to-read;;;;0;0
52696611;तीन संवत्सर ;Tin Sambatsar;Narayan Dhakal;Dhakal, Narayan;नारायण ढकाल;;;0;4,00;साझा प्रकाशन;Paperback;96;;;;2022/12/05;to-read;to-read (#57);to-read;;;;0;0
24838618;शङ्कर-स्मृति ;Shankar Smriti;Prakash Sayami;Sayami, Prakash;प्रकाश सायमी;;9789993372523;0;3,57;पैरवी बुक हाउस;Paperback;202;2006;2006;;2022/12/05;to-read;to-read (#58);to-read;;;;0;0
44282826;तरिणीप्रसाद कोइरालाका समग्र कथाहरू ;Tarini Prasad Koirala ka Samagra Kathaharu;Tarini Prasad Koirala;Koirala, Tarini Prasad;तारिणीप्रसाद कोइराला, Navaraj Kattel, नवराज कट्टेल;;9789937322010;0;3,00;साझा प्रकाशन;Paperback;295;2014;2014;;2022/12/05;to-read;to-read (#56);to-read;;;;0;0
44325614;लिखे ;Likhe;Sarad Paudel;Paudel, Sarad;शरद पौडेल;;9789937910453;0;3,93;Sangrila Books;Paperback;345;2016;2053;;2022/12/05;to-read;to-read (#55);to-read;;;;0;0
18166263;जुँँगा ;Junga;Hridaya Chandra Singh Pradhan;Pradhan, Hridaya Chandra Singh;हृदयचन्द्रसिंह प्रधान;9993325163;;0;4,36;साझा प्रकाशन;Paperback;56;;;;2022/12/05;to-read;to-read (#54);to-read;;;;0;0
15256012;कालान्तरमा फेरि ;Kalantar ma Pheri;Umesh Upadhyaya;Upadhyaya, Umesh;उमेश उपाध्याय;9993341770;9789993341772;0;3,50;साझा प्रकाशन;Paperback;110;;;;2022/12/05;to-read;to-read (#53);to-read;;;;0;0
42079200;बालुवामाथि ;Baluwamathi;Dhruba Chandra Gautam;Gautam, Dhruba Chandra;ध्रुवचन्द्र गौतम;;9789937322409;0;0,0;साझा प्रकाशन;Paperback;347;2013;;;2022/12/05;to-read;to-read (#52);to-read;;;;0;0
44311142;साझा कविता ;Sajha Kavita;Chudamani Bandhu;Bandhu, Chudamani;चूडामणि बन्धु;;9789993328933;0;4,00;साझा प्रकाशन;Paperback;309;;;;2022/12/05;to-read;to-read (#51);to-read;;;;0;0
23887918;रक्तबीज ;Raktabij;Krishna Abiral;Abiral, Krishna;;;9789937287005;0;3,46;Manjari Publication;Paperback;280;2014;2014;;2022/12/05;to-read;to-read (#50);to-read;;;;0;0
33146252;कम्प ;Kampa;Sharada Sharma;Sharma, Sharada;शारदा शर्मा;;9789937905398;0;2,60;Sangri-La books;Paperback;362;2016;2016;;2022/12/05;to-read;to-read (#49);to-read;;;;0;0
42075546;उपसंहार अर्थात् चौथो अन्त्य ;Upasamhar Arthath Choutho Anthya;Dhruba Chandra Gautam;Gautam, Dhruba Chandra;ध्रुवचन्द्र गौतम;;9789993328728;0;3,50;साझा प्रकाशन;Paperback;179;;1999;;2022/12/05;to-read;to-read (#48);to-read;;;;0;0
43262198;अन्धा मान्छेहरू र हात्ती ; Andha Mancheharu ra Hatti;Bairagi Kaila;Kaila, Bairagi;वैरागी काइँला;;9789937853811;0;4,33;Sangrila Books;Paperback;;2012;2012;;2022/12/05;to-read;to-read (#47);to-read;;;;0;0
471800;The Royal Ghosts;;Samrat Upadhyay;Upadhyay, Samrat;;0618517499;9780618517497;0;3,45;Mariner Books;Paperback;224;2006;2006;;2022/12/05;to-read;to-read (#46);to-read;;;;0;0
22560380;कोपिला आश्रम ;Kopila Ashram;Raamesh Koirala;Koirala, Raamesh;;;9789937878951;0;3,58;Fineprint;Paperback;209;2014;2014;;2022/12/05;to-read;to-read (#45);to-read;;;;0;0
42079024;अप्रिय ;Apriya;Dhruba Chandra Gautam;Gautam, Dhruba Chandra;ध्रुवचन्द्र गौतम;;9789937321644;0;4,00;साझा प्रकाशन;Paperback;93;;2010;;2022/12/05;to-read;to-read (#44);to-read;;;;0;0
44238579;सर्प दंश ;Sarpa Damsha;Tarini Prasad Koirala;Koirala, Tarini Prasad;तारिणीप्रसाद कोइराला;9937593077;9789937593076;0;3,80;ओरिएन्टल पब्लिकेसन;Paperback;113;2012;;;2022/12/05;to-read;to-read (#43);to-read;;;;0;0
43118922;घुर्मी ;Ghurmi;Dhruba Chandra Gautam;Gautam, Dhruba Chandra;ध्रुवचन्द्र गौतम;;9789937810548;0;3,50;Oriental Publication;Paperback;183;2011;2004;;2022/12/05;to-read;to-read (#41);to-read;;;;0;0
56028447;पारदर्शी मान्छे ;Pardarshi Manchhe;Manu Brajaki;Brajaki, Manu;मनु ब्राजाकी;9993323098;;0;4,00;साझा प्रकाशन;Paperback;158;;;;2022/12/05;to-read;to-read (#42);to-read;;;;0;0
33404464;भिखारी ;Bhikhari;Laxmi Prasad Devkota;Devkota, Laxmi Prasad;लक्ष्मीप्रसाद देवकोटा;;9789937320207;0;4,18;साझा प्रकाशन;Paperback;52;2011;1967;;2022/12/05;to-read;to-read (#40);to-read;;;;0;0
54239499;सुवर्णलता ;Subarnalata;Malika Keshari;Keshari, Malika;;;9789937918718;0;3,92;Sangrila Books ;Paperback;273;2017;2017;;2022/12/05;to-read;to-read (#38);to-read;;;;0;0
7881741;Buddha's Orphans;;Samrat Upadhyay;Upadhyay, Samrat;;0618517502;9780618517503;0;3,46;Houghton Mifflin;Hardcover;437;2010;2010;;2022/12/05;to-read;to-read (#39);to-read;;;;0;0
45020653;बाढी ;Badhi;Dhruba Chandra Gautam;Gautam, Dhruba Chandra;ध्रुवचन्द्र गौतम;;9789937705356;0;3,67;Phoenix Books;Paperback;436;2019;1999;;2022/12/05;to-read;to-read (#37);to-read;;;;0;0
43166584;श्री ५ रणबहादुर शाह ;Shree 5 Rana Bahadur Shah;Chittaranjan Nepali;Nepali, Chittaranjan;चित्तरञ्जन नेपाली;;9789993301776;0;4,33;रत्न पुस्तक भण्डार;Paperback;135;;;;2022/12/05;to-read;to-read (#36);to-read;;;;0;0
15821790;Mero Nepal: Shanti Ra Samriddhiko Marg Ma;;Pradeep Dhakal;Dhakal, Pradeep;;;9789937251327;0;4,00;Chetanalaya;Paperback;;2012;2012;;2022/12/05;to-read;to-read (#35);to-read;;;;0;0
54275927;जब सिस्नुहरू टेक्दै हिँडें ;Jaba Sisnuharu Tekdai Hide;Ganesh Rasik;Rasik, Ganesh;गणेश रसिक;;;0;4,00;नीरा रसिक;Paperback;84;1998;1998;;2022/12/05;to-read;to-read (#34);to-read;;;;0;0
52635224;जेलिएको ;Jeliako;Dhruba Chandra Gautam;Gautam, Dhruba Chandra;ध्रुवचन्द्र गौतम, Ram Upadhyaya, राम उपाध्याय;;9789937332156;0;2,00;रत्न पुस्तक भण्डार;Paperback;236;;2005;;2022/12/05;to-read;to-read (#33);to-read;;;;0;0
44173864;खैरिनीघाट ;Khairini Ghat;Shankar Koirala;Koirala, Shankar;शङ्कर कोइराला;;;0;3,33;साझा प्रकाशन;Paperback;76;;1992;;2022/12/05;to-read;to-read (#32);to-read;;;;0;0
56524400;मुनिया र उसको छोरो ;Muniya ra Usko Chhoro;Ganesh Rasik;Rasik, Ganesh;गणेश रसिक;;9789937708821;0;4,00;Sangri-La Books;Paperback;198;2019;;;2022/12/05;to-read;to-read (#30);to-read;;;;0;0
18525865;The City Son;;Samrat Upadhyay;Upadhyay, Samrat;;1616953810;9781616953812;0;3,28;Soho Press;Hardcover;256;2014;2014;;2022/12/05;to-read;to-read (#31);to-read;;;;0;0
42753721;एक पालुवा अनेकौँ याम ;Ek Paluwa Anekau Yam;Daulat Bikram Bista;Bista, Daulat Bikram;दौलतविक्रम बिष्ट;9993324671;9789993324676;0;3,33;साझा प्रकाशन;Paperback;;2005;1969;;2022/12/05;to-read;to-read (#29);to-read;;;;0;0
44144234;कोही किन बरबाद होस् ;Kohi Kina Barbad Hos;Bijaya Malla;Malla, Bijaya;विजय मल्ल;;9789937322843;0;3,62;साझा प्रकाशन;Paperback;44;;1969;;2022/12/05;to-read;to-read (#28);to-read;;;;0;0
53692673;छ्पक्कै मनमा बसेकाहरू ;Chapakkai Man ma Basekaharu;Ganesh Rasik;Rasik, Ganesh;गणेश रसिक;;9789937708838;0;4,00;Sangri~La Books;Paperback;374;;;;2022/12/05;to-read;to-read (#27);to-read;;;;0;0
54459580;छाया ;Chhaya;Daulat Bikram Bista;Bista, Daulat Bikram;दौलतविक्रम बिष्ट;;;0;0,0;साझा प्रकाशन;Paperback;152;;;;2022/12/05;to-read;to-read (#26);to-read;;;;0;0
43075411;चारु चर्चा ;Charu Charcha;Madhav Prasad Ghimire;Ghimire, Madhav Prasad;माधव घिमिरे;9993341843;9789993341840;0;0,0;साझा प्रकाशन;Paperback;336;;;;2022/12/05;to-read;to-read (#25);to-read;;;;0;0
42527054;अग्निस्पर्श ;Agnisparsha;Sharada Sharma;Sharma, Sharada;शारदा शर्मा;;9789937872126;0;3,40;Sangri-La Books;Paperback;271;2013;2006;;2022/12/05;to-read;to-read (#24);to-read;;;;0;0
51482222;दशगजामा उभिएर ;Dasagajaamaa Ubhiera;Ganesh Rasik;Rasik, Ganesh;गणेश रसिक;;9789993305682;0;4,00;रत्न पुस्तक भण्डार;Paperback;177;;;;2022/12/05;to-read;to-read (#23);to-read;;;;0;0
42406553;एकादेशकी महारानी ;Ekadeshki Maharani;Keshav Raj Pindali;Pindali, Keshav Raj;केशवराज पिँडाली;;9789993328506;0;3,78;साझा प्रकाशन;Paperback;107;2010;;;2022/12/05;to-read;to-read (#21);to-read;;;;0;0
53453848;अस्वस्थामा हतोहत: ;Ashwathama Hatohat:;Avinash Shrestha;Shrestha, Avinash;अविनाश श्रेष्ठ;;;0;3,50;नेपाल राजकीय प्रज्ञा प्रतिष्ठान;Paperback;131;;;;2022/12/05;to-read;to-read (#22);to-read;;;;0;0
24943959;शोकमग्न यात्री ;Sokmagna Yatri;Narayan Dhakal;Dhakal, Narayan;नारायण ढकाल;;9789937856324;0;3,33;Fine Print;Paperback;201;;2012;;2022/12/05;to-read;to-read (#20);to-read;;;;0;0
53692609;आकाशगंंगाको ओतमुनि ;Aakash Ganga ko Othmuni;Ganesh Rasik;Rasik, Ganesh;गणेश रसिक;;9789937708814;0;3,00;Sangri~La Books;Paperback;193;;;;2022/12/05;to-read;to-read (#19);to-read;;;;0;0
53304351;तान्या, इन्द्रकमल र अन्धकार ;Tanya Indrakamal ra Andhakar;Avinash Shrestha;Shrestha, Avinash;अविनाश श्रेष्ठ;;9789993305705;0;3,60;रत्न पुस्तक भण्डार;Paperback;146;2012;2006;;2022/12/05;to-read;to-read (#18);to-read;;;;0;0
39163965;बाँच्ने एउटा जिन्दगी ;Bachne Euta Jindagi;Keshav Raj Pindali;Pindali, Keshav Raj;केशवराज पिँडाली;;9789993327080;0;3,38;साझा प्रकाशन;Paperback;73;2008;2008;;2022/12/05;to-read;to-read (#17);to-read;;;;0;0
29969813;सुकरातका पाइला ;Sukrat ka Paila;Govinda Raj Bhattarai;Bhattarai, Govinda Raj;गोविन्दराज भट्टराई;9994621211;9789994621217;0;3,40;ओरिएन्टल पब्लिकेसन;Paperback;195;2006;;;2022/12/05;to-read;to-read (#16);to-read;;;;0;0
42406472;खै खै ;Khai Khai;Keshav Raj Pindali;Pindali, Keshav Raj;केशवराज पिँडाली;;9789937320269;0;4,60;साझा प्रकाशन;Paperback;129;2011;;;2022/12/05;to-read;to-read (#14);to-read;;;;0;0
53327599;सम्झनाका तरेलीभित्रका अनुहारहरु ;Samjhanaka Tareli Bhitraka Anuharharu;Ramesh Vikal;Vikal, Ramesh;रमेश विकल;;9789993329749;0;4,00;Sajha Prakashan;Paperback;106;2010;;;2022/12/05;to-read;to-read (#15);to-read;;;;0;0
46023555;सुकरातको डायरी ;Sukratko Diary;Govinda Raj Bhattarai;Bhattarai, Govinda Raj;गोविन्दराज भट्टराई;;9789937850087;0;3,33;ओरिएन्टल पब्लिकेसन;Paperback;326;;2012;;2022/12/05;to-read;to-read (#13);to-read;;;;0;0
13445145;शरणार्थी ;Saranarthi;Krishna Dharabasi;Dharabasi, Krishna;कृष्ण धरावासी;;9789993329435;0;3,69;साझा प्रकाशन;Paperback;144;;;;2022/12/05;to-read;to-read (#11);to-read;;;;0;0
52316560;मेरो अविरल जीवनगीत ;Mero Abiral Jiwan Geet;Ramesh Vikal;Vikal, Ramesh;रमेश विकल;9993323284;;0;3,00;साझा प्रकाशन;Paperback;254;;;;2022/12/05;to-read;to-read (#12);to-read;;;;0;0
54300784;मणिपुरको चिट्ठी ;Manipur ko Chitthi;Govinda Raj Bhattarai;Bhattarai, Govinda Raj;गोविन्दराज भट्टराई;;;0;0,0;साझा प्रकाशन;Paperback;69;;;;2022/12/05;to-read;to-read (#10);to-read;;;;0;0
42962619;रूपमती ;Rupamati;Rudra Raj Pandey;Pandey, Rudra Raj;रुद्रराज पाण्डे;9937320860;9789937320863;0;3,09;साझा प्रकाशन;Paperback;115;2014;1934;;2022/12/05;to-read;to-read (#8);to-read;;;;0;0
49924897;मिल्किएको माणि ;Milkieko Mani;Ramesh Vikal;Vikal, Ramesh;रमेश विकल;;;0;4,00;साझा प्रकाशन;Paperback;65;;;;2022/12/05;to-read;to-read (#9);to-read;;;;0;0
52315506;पूर्णिमा ;Purnima;Rajeshwar Devkota;Devkota, Rajeshwar;राजेश्वर देवकोटा;;;0;3,00;साझा प्रकाशन;Paperback;72;;;;2022/12/05;to-read;to-read (#7);to-read;;;;0;0
54449167;काठमाडौँमा कामरेड ;Kathmandau ma Camrade;Mahesh Bikram Shah;Shah, Mahesh Bikram;महेशविक्रम शाह;;9789937904209;0;5,00;समग्र प्रकाशन;Paperback;127;;;;2022/12/05;to-read;to-read (#6);to-read;;;;0;0
38590266;भोक र भित्ताहरू ;Bhok Ra Bhittaharu;Daulat Bikram Bista;Bista, Daulat Bikram;दौलतविक्रम बिष्ट;;9789937321679;0;3,90;साझा प्रकाशन;Paperback;237;;1981;;2022/12/05;to-read;to-read (#5);to-read;;;;0;0
43077512;पूर्वकथा ;Purba Katha;Rajeshwar Devkota;Devkota, Rajeshwar;राजेश्वर देवकोटा;;;0;3,50;साझा प्रकाशन;Paperback;128;;;;2022/12/05;to-read;to-read (#4);to-read;;;;0;0
42109473;चुली ;Chuli;Saru Bhakta;Bhakta, Saru;सरुभक्त;;9789937322607;0;3,46;Sajha Prakashan;Paperback;46;;;;2022/12/05;to-read;to-read (#2);to-read;;;;0;0
18158758;अफ्रिकन अमिगो ;African Amigo;Mahesh Bikram Shah;Shah, Mahesh Bikram;महेशविक्रम शाह;;9789937856393;0;3,75;Fine Print;Paperback;170;2012;2003;;2022/12/05;to-read;to-read (#3);to-read;;;;0;0
38336387;स्वास्नीमान्छे ;Swasni Manchhe;Hridaya Chandra Singh Pradhan;Pradhan, Hridaya Chandra Singh;हृदयचन्द्रसिंह प्रधान;;9789993328766;0;3,48;साझा प्रकाशन;Paperback;147;2009;;;2022/12/05;to-read;to-read (#1);to-read;;;;0;0